Workbook

Sheet État
B1: ÉTAT D'EXPLOITATION QUALIPRO — TAUX D'UTILISATION PAR LES RESPONSABLES
B2: ="Indicateur = jours ouvrés avec au moins 1 accès ÷ jours ouvrés attendus (par responsable, effectif du mois). Cible direction : 1 accès par jour ouvré · Objectif atteint ≥ "&ROUND(Paramètres!B5*100,0)&" % · Alerte ≥ "&ROUND(Paramètres!B6*100,0)&" %" -> Indicateur = jours ouvrés avec au moins 1 accès ÷ jours ouvrés attendus (par responsable, effectif du mois). Cible direction : 1 accès par jour ouvré · Objectif atteint ≥ 70 % · Alerte ≥ 40 %
B4: Mois : | C4: Septembre 2026 | E4: ◄ choisir le mois dans la liste
B6: TAUX D'UTILISATION GLOBAL | D6: STATUT | E6: JOURS CONSULTÉS / ATTENDUS | G6: RESPONSABLES ACTIFS / SANS ACCÈS | I6: VARIATION VS MOIS PRÉC.
B7: =INDEX(Calcul!$AC$35:$AN$35,Calcul!$C$48) -> 0.20606061 | D7: =IF(B7="","",IF(B7>=Paramètres!B5,"OBJECTIF ATTEINT",IF(B7>=Paramètres!B6,"ALERTE","CRITIQUE"))) -> CRITIQUE | E7: =INDEX(Calcul!$P$35:$AA$35,Calcul!$C$48)&" / "&INDEX(Calcul!$C$35:$N$35,Calcul!$C$48) -> 68 / 330 | G7: =INDEX(Calcul!$C$36:$N$36,Calcul!$C$48)&" / "&INDEX(Calcul!$C$37:$N$37,Calcul!$C$48) -> 15 / 3 | I7: =IF(OR(Calcul!$C$48=1,B7=""),"n/a",IF(ISNUMBER(INDEX(Calcul!$AC$35:$AN$35,MAX(1,Calcul!$C$48-1))),IF(Calcul!$C$48=1,"n/a",B7-INDEX(Calcul!$AC$35:$AN$35,Calcul!$C$48-1)),"n/a")) -> -0.010606061
B9: ="Répartition : "&INDEX(Calcul!$C$38:$N$38,Calcul!$C$48)&" modèle(s) · "&INDEX(Calcul!$C$39:$N$39,Calcul!$C$48)&" régulier(s) · "&INDEX(Calcul!$C$40:$N$40,Calcul!$C$48)&" critique(s) | Taux ajusté au rôle (moyenne des responsables) : "&IF(INDEX(Calcul!$AP$35:$BA$35,Calcul!$C$48)="","n/a",ROUND(INDEX(Calcul!$AP$35:$BA$35,Calcul!$C$48)*100,1)&" %")&" | Jours ouvrés du mois : "&INDEX(Calcul!$C$43:$N$43,Calcul!$C$48) -> Répartition : 0 modèle(s) · 2 régulier(s) · 13 critique(s) | Taux ajusté au rôle (moyenne des responsables) : 20,6 % | Jours ouvrés du mois : 22
B11: ="Lecture : en "&C4&", "&ROUND(B7*100,1)&" % des jours ouvrés attendus ont donné lieu à au moins un accès ("&INDEX(Calcul!$P$35:$AA$35,Calcul!$C$48)&" jours consultés sur "&INDEX(Calcul!$C$35:$N$35,Calcul!$C$48)&")."&IF(B7>=Paramètres!B5," Objectif atteint.",IF(B7>=Paramètres!B6," Niveau d'alerte : l'objectif de "&ROUND(Paramètres!B5*100,0)&" % n'est pas atteint."," Niveau critique, très en dessous de l'objectif de "&ROUND(Paramètres!B5*100,0)&" %."))&IF(ISNUMBER(I7)," Évolution : "&IF(I7>=0,"+","")&ROUND(I7*100,1)&" pts vs mois précédent.","")&IF(INDEX(Calcul!$C$37:$N$37,Calcul!$C$48)>0," "&INDEX(Calcul!$C$37:$N$37,Calcul!$C$48)&" responsable(s) sans aucun accès ce mois-ci.","") -> Lecture : en Septembre 2026, 20,6 % des jours ouvrés attendus ont donné lieu à au moins un accès (68 jours consultés sur 330). Niveau critique, très en dessous de l'objectif de 70 %. Évolution : -1,1 pts vs mois précédent. 3 responsable(s) sans aucun accès ce mois-ci.
B14: Rang | C14: Responsable | D14: Fonction / rôle | E14: Jours attendus | F14: Jours consultés | G14: Taux | H14: Statut | I14: Δ vs mois préc. (pts) | J14: Taux ajusté au rôle
B15: =IF($K15="","",1) -> 1 | C15: =IF($K15="","",INDEX(Calcul!$A$5:$A$34,$K15)) -> Ahlem Moussa | D15: =IF($K15="","",IF(INDEX(Paramètres!$B$11:$B$40,$K15)="","—",INDEX(Paramètres!$B$11:$B$40,$K15))) -> Quality Inspector | E15: =IF($K15="","",INDEX(Calcul!$C$5:$N$34,$K15,Calcul!$C$48)) -> 22 | F15: =IF($K15="","",INDEX(Calcul!$P$5:$AA$34,$K15,Calcul!$C$48)) -> 13 | G15: =IF($K15="","",IF(E15=0,"",F15/E15)) -> 0.59090909 | H15: =IF(G15="","",IF(G15>=Paramètres!$B$5,"● Modèle",IF(G15>=Paramètres!$B$6,"● Régulier","● Critique"))) -> ● Régulier | I15: =IF(OR($K15="",Calcul!$C$48=1),"",IF(ISNUMBER(INDEX(Calcul!$AC$5:$AN$34,$K15,MAX(1,Calcul!$C$48-1))),G15-INDEX(Calcul!$AC$5:$AN$34,$K15,MAX(1,Calcul!$C$48-1)),"")) -> 0.21590909 | J15: =IF($K15="","",INDEX(Calcul!$AP$5:$BA$34,$K15,Calcul!$C$48)) -> 0.59090909 | K15: =IFERROR(MATCH(1,Calcul!$BF$5:$BF$34,0),"") -> 1
B16: =IF($K16="","",2) -> 2 | C16: =IF($K16="","",INDEX(Calcul!$A$5:$A$34,$K16)) -> Ines Farhat | D16: =IF($K16="","",IF(INDEX(Paramètres!$B$11:$B$40,$K16)="","—",INDEX(Paramètres!$B$11:$B$40,$K16))) -> Quality Control & PACK Supervisor | E16: =IF($K16="","",INDEX(Calcul!$C$5:$N$34,$K16,Calcul!$C$48)) -> 22 | F16: =IF($K16="","",INDEX(Calcul!$P$5:$AA$34,$K16,Calcul!$C$48)) -> 11 | G16: =IF($K16="","",IF(E16=0,"",F16/E16)) -> 0.5 | H16: =IF(G16="","",IF(G16>=Paramètres!$B$5,"● Modèle",IF(G16>=Paramètres!$B$6,"● Régulier","● Critique"))) -> ● Régulier | I16: =IF(OR($K16="",Calcul!$C$48=1),"",IF(ISNUMBER(INDEX(Calcul!$AC$5:$AN$34,$K16,MAX(1,Calcul!$C$48-1))),G16-INDEX(Calcul!$AC$5:$AN$34,$K16,MAX(1,Calcul!$C$48-1)),"")) -> 0.25 | J16: =IF($K16="","",INDEX(Calcul!$AP$5:$BA$34,$K16,Calcul!$C$48)) -> 0.5 | K16: =IFERROR(MATCH(2,Calcul!$BF$5:$BF$34,0),"") -> 6
B17: =IF($K17="","",3) -> 3 | C17: =IF($K17="","",INDEX(Calcul!$A$5:$A$34,$K17)) -> Zouhour Fathallah | D17: =IF($K17="","",IF(INDEX(Paramètres!$B$11:$B$40,$K17)="","—",INDEX(Paramètres!$B$11:$B$40,$K17))) -> QHSE Leader | E17: =IF($K17="","",INDEX(Calcul!$C$5:$N$34,$K17,Calcul!$C$48)) -> 22 | F17: =IF($K17="","",INDEX(Calcul!$P$5:$AA$34,$K17,Calcul!$C$48)) -> 7 | G17: =IF($K17="","",IF(E17=0,"",F17/E17)) -> 0.31818182 | H17: =IF(G17="","",IF(G17>=Paramètres!$B$5,"● Modèle",IF(G17>=Paramètres!$B$6,"● Régulier","● Critique"))) -> ● Critique | I17: =IF(OR($K17="",Calcul!$C$48=1),"",IF(ISNUMBER(INDEX(Calcul!$AC$5:$AN$34,$K17,MAX(1,Calcul!$C$48-1))),G17-INDEX(Calcul!$AC$5:$AN$34,$K17,MAX(1,Calcul!$C$48-1)),"")) -> -0.18181818 | J17: =IF($K17="","",INDEX(Calcul!$AP$5:$BA$34,$K17,Calcul!$C$48)) -> 0.31818182 | K17: =IFERROR(MATCH(3,Calcul!$BF$5:$BF$34,0),"") -> 18
B18: =IF($K18="","",4) -> 4 | C18: =IF($K18="","",INDEX(Calcul!$A$5:$A$34,$K18)) -> Chaima Jdid | D18: =IF($K18="","",IF(INDEX(Paramètres!$B$11:$B$40,$K18)="","—",INDEX(Paramètres!$B$11:$B$40,$K18))) -> Industerial Engeneering | E18: =IF($K18="","",INDEX(Calcul!$C$5:$N$34,$K18,Calcul!$C$48)) -> 22 | F18: =IF($K18="","",INDEX(Calcul!$P$5:$AA$34,$K18,Calcul!$C$48)) -> 7 | G18: =IF($K18="","",IF(E18=0,"",F18/E18)) -> 0.31818182 | H18: =IF(G18="","",IF(G18>=Paramètres!$B$5,"● Modèle",IF(G18>=Paramètres!$B$6,"● Régulier","● Critique"))) -> ● Critique | I18: =IF(OR($K18="",Calcul!$C$48=1),"",IF(ISNUMBER(INDEX(Calcul!$AC$5:$AN$34,$K18,MAX(1,Calcul!$C$48-1))),G18-INDEX(Calcul!$AC$5:$AN$34,$K18,MAX(1,Calcul!$C$48-1)),"")) -> -0.18181818 | J18: =IF($K18="","",INDEX(Calcul!$AP$5:$BA$34,$K18,Calcul!$C$48)) -> 0.31818182 | K18: =IFERROR(MATCH(4,Calcul!$BF$5:$BF$34,0),"") -> 4
B19: =IF($K19="","",5) -> 5 | C19: =IF($K19="","",INDEX(Calcul!$A$5:$A$34,$K19)) -> Mourad Ayari | D19: =IF($K19="","",IF(INDEX(Paramètres!$B$11:$B$40,$K19)="","—",INDEX(Paramètres!$B$11:$B$40,$K19))) -> Manufacturing Supervisor | E19: =IF($K19="","",INDEX(Calcul!$C$5:$N$34,$K19,Calcul!$C$48)) -> 22 | F19: =IF($K19="","",INDEX(Calcul!$P$5:$AA$34,$K19,Calcul!$C$48)) -> 6 | G19: =IF($K19="","",IF(E19=0,"",F19/E19)) -> 0.27272727 | H19: =IF(G19="","",IF(G19>=Paramètres!$B$5,"● Modèle",IF(G19>=Paramètres!$B$6,"● Régulier","● Critique"))) -> ● Critique | I19: =IF(OR($K19="",Calcul!$C$48=1),"",IF(ISNUMBER(INDEX(Calcul!$AC$5:$AN$34,$K19,MAX(1,Calcul!$C$48-1))),G19-INDEX(Calcul!$AC$5:$AN$34,$K19,MAX(1,Calcul!$C$48-1)),"")) -> 0.14772727 | J19: =IF($K19="","",INDEX(Calcul!$AP$5:$BA$34,$K19,Calcul!$C$48)) -> 0.27272727 | K19: =IFERROR(MATCH(5,Calcul!$BF$5:$BF$34,0),"") -> 11
B20: =IF($K20="","",6) -> 6 | C20: =IF($K20="","",INDEX(Calcul!$A$5:$A$34,$K20)) -> Marwa Solaani | D20: =IF($K20="","",IF(INDEX(Paramètres!$B$11:$B$40,$K20)="","—",INDEX(Paramètres!$B$11:$B$40,$K20))) -> Production Team Leader | E20: =IF($K20="","",INDEX(Calcul!$C$5:$N$34,$K20,Calcul!$C$48)) -> 22 | F20: =IF($K20="","",INDEX(Calcul!$P$5:$AA$34,$K20,Calcul!$C$48)) -> 6 | G20: =IF($K20="","",IF(E20=0,"",F20/E20)) -> 0.27272727 | H20: =IF(G20="","",IF(G20>=Paramètres!$B$5,"● Modèle",IF(G20>=Paramètres!$B$6,"● Régulier","● Critique"))) -> ● Critique | I20: =IF(OR($K20="",Calcul!$C$48=1),"",IF(ISNUMBER(INDEX(Calcul!$AC$5:$AN$34,$K20,MAX(1,Calcul!$C$48-1))),G20-INDEX(Calcul!$AC$5:$AN$34,$K20,MAX(1,Calcul!$C$48-1)),"")) -> -0.10227273 | J20: =IF($K20="","",INDEX(Calcul!$AP$5:$BA$34,$K20,Calcul!$C$48)) -> 0.27272727 | K20: =IFERROR(MATCH(6,Calcul!$BF$5:$BF$34,0),"") -> 8
B21: =IF($K21="","",7) -> 7 | C21: =IF($K21="","",INDEX(Calcul!$A$5:$A$34,$K21)) -> Safouen Magdouli | D21: =IF($K21="","",IF(INDEX(Paramètres!$B$11:$B$40,$K21)="","—",INDEX(Paramètres!$B$11:$B$40,$K21))) -> Leather Cutting Supervisor | E21: =IF($K21="","",INDEX(Calcul!$C$5:$N$34,$K21,Calcul!$C$48)) -> 22 | F21: =IF($K21="","",INDEX(Calcul!$P$5:$AA$34,$K21,Calcul!$C$48)) -> 4 | G21: =IF($K21="","",IF(E21=0,"",F21/E21)) -> 0.18181818 | H21: =IF(G21="","",IF(G21>=Paramètres!$B$5,"● Modèle",IF(G21>=Paramètres!$B$6,"● Régulier","● Critique"))) -> ● Critique | I21: =IF(OR($K21="",Calcul!$C$48=1),"",IF(ISNUMBER(INDEX(Calcul!$AC$5:$AN$34,$K21,MAX(1,Calcul!$C$48-1))),G21-INDEX(Calcul!$AC$5:$AN$34,$K21,MAX(1,Calcul!$C$48-1)),"")) -> -0.068181818 | J21: =IF($K21="","",INDEX(Calcul!$AP$5:$BA$34,$K21,Calcul!$C$48)) -> 0.18181818 | K21: =IFERROR(MATCH(7,Calcul!$BF$5:$BF$34,0),"") -> 15
B22: =IF($K22="","",8) -> 8 | C22: =IF($K22="","",INDEX(Calcul!$A$5:$A$34,$K22)) -> Sabrine Neffeti | D22: =IF($K22="","",IF(INDEX(Paramètres!$B$11:$B$40,$K22)="","—",INDEX(Paramètres!$B$11:$B$40,$K22))) -> Human Resources Officer | E22: =IF($K22="","",INDEX(Calcul!$C$5:$N$34,$K22,Calcul!$C$48)) -> 22 | F22: =IF($K22="","",INDEX(Calcul!$P$5:$AA$34,$K22,Calcul!$C$48)) -> 4 | G22: =IF($K22="","",IF(E22=0,"",F22/E22)) -> 0.18181818 | H22: =IF(G22="","",IF(G22>=Paramètres!$B$5,"● Modèle",IF(G22>=Paramètres!$B$6,"● Régulier","● Critique"))) -> ● Critique | I22: =IF(OR($K22="",Calcul!$C$48=1),"",IF(ISNUMBER(INDEX(Calcul!$AC$5:$AN$34,$K22,MAX(1,Calcul!$C$48-1))),G22-INDEX(Calcul!$AC$5:$AN$34,$K22,MAX(1,Calcul!$C$48-1)),"")) -> -0.068181818 | J22: =IF($K22="","",INDEX(Calcul!$AP$5:$BA$34,$K22,Calcul!$C$48)) -> 0.18181818 | K22: =IFERROR(MATCH(8,Calcul!$BF$5:$BF$34,0),"") -> 14
B23: =IF($K23="","",9) -> 9 | C23: =IF($K23="","",INDEX(Calcul!$A$5:$A$34,$K23)) -> Imre Kapusi | D23: =IF($K23="","",IF(INDEX(Paramètres!$B$11:$B$40,$K23)="","—",INDEX(Paramètres!$B$11:$B$40,$K23))) -> Manufacturing Manager | E23: =IF($K23="","",INDEX(Calcul!$C$5:$N$34,$K23,Calcul!$C$48)) -> 22 | F23: =IF($K23="","",INDEX(Calcul!$P$5:$AA$34,$K23,Calcul!$C$48)) -> 4 | G23: =IF($K23="","",IF(E23=0,"",F23/E23)) -> 0.18181818 | H23: =IF(G23="","",IF(G23>=Paramètres!$B$5,"● Modèle",IF(G23>=Paramètres!$B$6,"● Régulier","● Critique"))) -> ● Critique | I23: =IF(OR($K23="",Calcul!$C$48=1),"",IF(ISNUMBER(INDEX(Calcul!$AC$5:$AN$34,$K23,MAX(1,Calcul!$C$48-1))),G23-INDEX(Calcul!$AC$5:$AN$34,$K23,MAX(1,Calcul!$C$48-1)),"")) -> 0.18181818 | J23: =IF($K23="","",INDEX(Calcul!$AP$5:$BA$34,$K23,Calcul!$C$48)) -> 0.18181818 | K23: =IFERROR(MATCH(9,Calcul!$BF$5:$BF$34,0),"") -> 5
B24: =IF($K24="","",10) -> 10 | C24: =IF($K24="","",INDEX(Calcul!$A$5:$A$34,$K24)) -> Mina Moussa | D24: =IF($K24="","",IF(INDEX(Paramètres!$B$11:$B$40,$K24)="","—",INDEX(Paramètres!$B$11:$B$40,$K24))) -> General Manager | E24: =IF($K24="","",INDEX(Calcul!$C$5:$N$34,$K24,Calcul!$C$48)) -> 22 | F24: =IF($K24="","",INDEX(Calcul!$P$5:$AA$34,$K24,Calcul!$C$48)) -> 3 | G24: =IF($K24="","",IF(E24=0,"",F24/E24)) -> 0.13636364 | H24: =IF(G24="","",IF(G24>=Paramètres!$B$5,"● Modèle",IF(G24>=Paramètres!$B$6,"● Régulier","● Critique"))) -> ● Critique | I24: =IF(OR($K24="",Calcul!$C$48=1),"",IF(ISNUMBER(INDEX(Calcul!$AC$5:$AN$34,$K24,MAX(1,Calcul!$C$48-1))),G24-INDEX(Calcul!$AC$5:$AN$34,$K24,MAX(1,Calcul!$C$48-1)),"")) -> 0.011363636 | J24: =IF($K24="","",INDEX(Calcul!$AP$5:$BA$34,$K24,Calcul!$C$48)) -> 0.13636364 | K24: =IFERROR(MATCH(10,Calcul!$BF$5:$BF$34,0),"") -> 9
B25: =IF($K25="","",11) -> 11 | C25: =IF($K25="","",INDEX(Calcul!$A$5:$A$34,$K25)) -> Nouha Ben Khlifa | D25: =IF($K25="","",IF(INDEX(Paramètres!$B$11:$B$40,$K25)="","—",INDEX(Paramètres!$B$11:$B$40,$K25))) -> Time & Methods Analyst | E25: =IF($K25="","",INDEX(Calcul!$C$5:$N$34,$K25,Calcul!$C$48)) -> 22 | F25: =IF($K25="","",INDEX(Calcul!$P$5:$AA$34,$K25,Calcul!$C$48)) -> 2 | G25: =IF($K25="","",IF(E25=0,"",F25/E25)) -> 0.090909091 | H25: =IF(G25="","",IF(G25>=Paramètres!$B$5,"● Modèle",IF(G25>=Paramètres!$B$6,"● Régulier","● Critique"))) -> ● Critique | I25: =IF(OR($K25="",Calcul!$C$48=1),"",IF(ISNUMBER(INDEX(Calcul!$AC$5:$AN$34,$K25,MAX(1,Calcul!$C$48-1))),G25-INDEX(Calcul!$AC$5:$AN$34,$K25,MAX(1,Calcul!$C$48-1)),"")) -> -0.034090909 | J25: =IF($K25="","",INDEX(Calcul!$AP$5:$BA$34,$K25,Calcul!$C$48)) -> 0.090909091 | K25: =IFERROR(MATCH(11,Calcul!$BF$5:$BF$34,0),"") -> 13
B26: =IF($K26="","",12) -> 12 | C26: =IF($K26="","",INDEX(Calcul!$A$5:$A$34,$K26)) -> Mohamed Sniha | D26: =IF($K26="","",IF(INDEX(Paramètres!$B$11:$B$40,$K26)="","—",INDEX(Paramètres!$B$11:$B$40,$K26))) -> Administrative and financial Manager | E26: =IF($K26="","",INDEX(Calcul!$C$5:$N$34,$K26,Calcul!$C$48)) -> 22 | F26: =IF($K26="","",INDEX(Calcul!$P$5:$AA$34,$K26,Calcul!$C$48)) -> 1 | G26: =IF($K26="","",IF(E26=0,"",F26/E26)) -> 0.045454545 | H26: =IF(G26="","",IF(G26>=Paramètres!$B$5,"● Modèle",IF(G26>=Paramètres!$B$6,"● Régulier","● Critique"))) -> ● Critique | I26: =IF(OR($K26="",Calcul!$C$48=1),"",IF(ISNUMBER(INDEX(Calcul!$AC$5:$AN$34,$K26,MAX(1,Calcul!$C$48-1))),G26-INDEX(Calcul!$AC$5:$AN$34,$K26,MAX(1,Calcul!$C$48-1)),"")) -> -0.079545455 | J26: =IF($K26="","",INDEX(Calcul!$AP$5:$BA$34,$K26,Calcul!$C$48)) -> 0.045454545 | K26: =IFERROR(MATCH(12,Calcul!$BF$5:$BF$34,0),"") -> 10
B27: =IF($K27="","",13) -> 13 | C27: =IF($K27="","",INDEX(Calcul!$A$5:$A$34,$K27)) -> Wissem Ben Abdalah | D27: =IF($K27="","",IF(INDEX(Paramètres!$B$11:$B$40,$K27)="","—",INDEX(Paramètres!$B$11:$B$40,$K27))) -> StoreKeeper | E27: =IF($K27="","",INDEX(Calcul!$C$5:$N$34,$K27,Calcul!$C$48)) -> 22 | F27: =IF($K27="","",INDEX(Calcul!$P$5:$AA$34,$K27,Calcul!$C$48)) -> 0 | G27: =IF($K27="","",IF(E27=0,"",F27/E27)) -> 0 | H27: =IF(G27="","",IF(G27>=Paramètres!$B$5,"● Modèle",IF(G27>=Paramètres!$B$6,"● Régulier","● Critique"))) -> ● Critique | I27: =IF(OR($K27="",Calcul!$C$48=1),"",IF(ISNUMBER(INDEX(Calcul!$AC$5:$AN$34,$K27,MAX(1,Calcul!$C$48-1))),G27-INDEX(Calcul!$AC$5:$AN$34,$K27,MAX(1,Calcul!$C$48-1)),"")) -> -0.125 | J27: =IF($K27="","",INDEX(Calcul!$AP$5:$BA$34,$K27,Calcul!$C$48)) -> 0 | K27: =IFERROR(MATCH(13,Calcul!$BF$5:$BF$34,0),"") -> 17
B28: =IF($K28="","",14) -> 14 | C28: =IF($K28="","",INDEX(Calcul!$A$5:$A$34,$K28)) -> Lobna Jberi | D28: =IF($K28="","",IF(INDEX(Paramètres!$B$11:$B$40,$K28)="","—",INDEX(Paramètres!$B$11:$B$40,$K28))) -> Purchaser & Imp/Exp Agent | E28: =IF($K28="","",INDEX(Calcul!$C$5:$N$34,$K28,Calcul!$C$48)) -> 22 | F28: =IF($K28="","",INDEX(Calcul!$P$5:$AA$34,$K28,Calcul!$C$48)) -> 0 | G28: =IF($K28="","",IF(E28=0,"",F28/E28)) -> 0 | H28: =IF(G28="","",IF(G28>=Paramètres!$B$5,"● Modèle",IF(G28>=Paramètres!$B$6,"● Régulier","● Critique"))) -> ● Critique | I28: =IF(OR($K28="",Calcul!$C$48=1),"",IF(ISNUMBER(INDEX(Calcul!$AC$5:$AN$34,$K28,MAX(1,Calcul!$C$48-1))),G28-INDEX(Calcul!$AC$5:$AN$34,$K28,MAX(1,Calcul!$C$48-1)),"")) -> -0.125 | J28: =IF($K28="","",INDEX(Calcul!$AP$5:$BA$34,$K28,Calcul!$C$48)) -> 0 | K28: =IFERROR(MATCH(14,Calcul!$BF$5:$BF$34,0),"") -> 7
B29: =IF($K29="","",15) -> 15 | C29: =IF($K29="","",INDEX(Calcul!$A$5:$A$34,$K29)) -> Amine Latrech | D29: =IF($K29="","",IF(INDEX(Paramètres!$B$11:$B$40,$K29)="","—",INDEX(Paramètres!$B$11:$B$40,$K29))) -> Head of Maintenance | E29: =IF($K29="","",INDEX(Calcul!$C$5:$N$34,$K29,Calcul!$C$48)) -> 22 | F29: =IF($K29="","",INDEX(Calcul!$P$5:$AA$34,$K29,Calcul!$C$48)) -> 0 | G29: =IF($K29="","",IF(E29=0,"",F29/E29)) -> 0 | H29: =IF(G29="","",IF(G29>=Paramètres!$B$5,"● Modèle",IF(G29>=Paramètres!$B$6,"● Régulier","● Critique"))) -> ● Critique | I29: =IF(OR($K29="",Calcul!$C$48=1),"",IF(ISNUMBER(INDEX(Calcul!$AC$5:$AN$34,$K29,MAX(1,Calcul!$C$48-1))),G29-INDEX(Calcul!$AC$5:$AN$34,$K29,MAX(1,Calcul!$C$48-1)),"")) -> 0 | J29: =IF($K29="","",INDEX(Calcul!$AP$5:$BA$34,$K29,Calcul!$C$48)) -> 0 | K29: =IFERROR(MATCH(15,Calcul!$BF$5:$BF$34,0),"") -> 3
B30: =IF($K30="","",16) | C30: =IF($K30="","",INDEX(Calcul!$A$5:$A$34,$K30)) | D30: =IF($K30="","",IF(INDEX(Paramètres!$B$11:$B$40,$K30)="","—",INDEX(Paramètres!$B$11:$B$40,$K30))) | E30: =IF($K30="","",INDEX(Calcul!$C$5:$N$34,$K30,Calcul!$C$48)) | F30: =IF($K30="","",INDEX(Calcul!$P$5:$AA$34,$K30,Calcul!$C$48)) | G30: =IF($K30="","",IF(E30=0,"",F30/E30)) | H30: =IF(G30="","",IF(G30>=Paramètres!$B$5,"● Modèle",IF(G30>=Paramètres!$B$6,"● Régulier","● Critique"))) | I30: =IF(OR($K30="",Calcul!$C$48=1),"",IF(ISNUMBER(INDEX(Calcul!$AC$5:$AN$34,$K30,MAX(1,Calcul!$C$48-1))),G30-INDEX(Calcul!$AC$5:$AN$34,$K30,MAX(1,Calcul!$C$48-1)),"")) | J30: =IF($K30="","",INDEX(Calcul!$AP$5:$BA$34,$K30,Calcul!$C$48)) | K30: =IFERROR(MATCH(16,Calcul!$BF$5:$BF$34,0),"")
B31: =IF($K31="","",17) | C31: =IF($K31="","",INDEX(Calcul!$A$5:$A$34,$K31)) | D31: =IF($K31="","",IF(INDEX(Paramètres!$B$11:$B$40,$K31)="","—",INDEX(Paramètres!$B$11:$B$40,$K31))) | E31: =IF($K31="","",INDEX(Calcul!$C$5:$N$34,$K31,Calcul!$C$48)) | F31: =IF($K31="","",INDEX(Calcul!$P$5:$AA$34,$K31,Calcul!$C$48)) | G31: =IF($K31="","",IF(E31=0,"",F31/E31)) | H31: =IF(G31="","",IF(G31>=Paramètres!$B$5,"● Modèle",IF(G31>=Paramètres!$B$6,"● Régulier","● Critique"))) | I31: =IF(OR($K31="",Calcul!$C$48=1),"",IF(ISNUMBER(INDEX(Calcul!$AC$5:$AN$34,$K31,MAX(1,Calcul!$C$48-1))),G31-INDEX(Calcul!$AC$5:$AN$34,$K31,MAX(1,Calcul!$C$48-1)),"")) | J31: =IF($K31="","",INDEX(Calcul!$AP$5:$BA$34,$K31,Calcul!$C$48)) | K31: =IFERROR(MATCH(17,Calcul!$BF$5:$BF$34,0),"")
B32: =IF($K32="","",18) | C32: =IF($K32="","",INDEX(Calcul!$A$5:$A$34,$K32)) | D32: =IF($K32="","",IF(INDEX(Paramètres!$B$11:$B$40,$K32)="","—",INDEX(Paramètres!$B$11:$B$40,$K32))) | E32: =IF($K32="","",INDEX(Calcul!$C$5:$N$34,$K32,Calcul!$C$48)) | F32: =IF($K32="","",INDEX(Calcul!$P$5:$AA$34,$K32,Calcul!$C$48)) | G32: =IF($K32="","",IF(E32=0,"",F32/E32)) | H32: =IF(G32="","",IF(G32>=Paramètres!$B$5,"● Modèle",IF(G32>=Paramètres!$B$6,"● Régulier","● Critique"))) | I32: =IF(OR($K32="",Calcul!$C$48=1),"",IF(ISNUMBER(INDEX(Calcul!$AC$5:$AN$34,$K32,MAX(1,Calcul!$C$48-1))),G32-INDEX(Calcul!$AC$5:$AN$34,$K32,MAX(1,Calcul!$C$48-1)),"")) | J32: =IF($K32="","",INDEX(Calcul!$AP$5:$BA$34,$K32,Calcul!$C$48)) | K32: =IFERROR(MATCH(18,Calcul!$BF$5:$BF$34,0),"")
B33: =IF($K33="","",19) | C33: =IF($K33="","",INDEX(Calcul!$A$5:$A$34,$K33)) | D33: =IF($K33="","",IF(INDEX(Paramètres!$B$11:$B$40,$K33)="","—",INDEX(Paramètres!$B$11:$B$40,$K33))) | E33: =IF($K33="","",INDEX(Calcul!$C$5:$N$34,$K33,Calcul!$C$48)) | F33: =IF($K33="","",INDEX(Calcul!$P$5:$AA$34,$K33,Calcul!$C$48)) | G33: =IF($K33="","",IF(E33=0,"",F33/E33)) | H33: =IF(G33="","",IF(G33>=Paramètres!$B$5,"● Modèle",IF(G33>=Paramètres!$B$6,"● Régulier","● Critique"))) | I33: =IF(OR($K33="",Calcul!$C$48=1),"",IF(ISNUMBER(INDEX(Calcul!$AC$5:$AN$34,$K33,MAX(1,Calcul!$C$48-1))),G33-INDEX(Calcul!$AC$5:$AN$34,$K33,MAX(1,Calcul!$C$48-1)),"")) | J33: =IF($K33="","",INDEX(Calcul!$AP$5:$BA$34,$K33,Calcul!$C$48)) | K33: =IFERROR(MATCH(19,Calcul!$BF$5:$BF$34,0),"")
B34: =IF($K34="","",20) | C34: =IF($K34="","",INDEX(Calcul!$A$5:$A$34,$K34)) | D34: =IF($K34="","",IF(INDEX(Paramètres!$B$11:$B$40,$K34)="","—",INDEX(Paramètres!$B$11:$B$40,$K34))) | E34: =IF($K34="","",INDEX(Calcul!$C$5:$N$34,$K34,Calcul!$C$48)) | F34: =IF($K34="","",INDEX(Calcul!$P$5:$AA$34,$K34,Calcul!$C$48)) | G34: =IF($K34="","",IF(E34=0,"",F34/E34)) | H34: =IF(G34="","",IF(G34>=Paramètres!$B$5,"● Modèle",IF(G34>=Paramètres!$B$6,"● Régulier","● Critique"))) | I34: =IF(OR($K34="",Calcul!$C$48=1),"",IF(ISNUMBER(INDEX(Calcul!$AC$5:$AN$34,$K34,MAX(1,Calcul!$C$48-1))),G34-INDEX(Calcul!$AC$5:$AN$34,$K34,MAX(1,Calcul!$C$48-1)),"")) | J34: =IF($K34="","",INDEX(Calcul!$AP$5:$BA$34,$K34,Calcul!$C$48)) | K34: =IFERROR(MATCH(20,Calcul!$BF$5:$BF$34,0),"")
B35: =IF($K35="","",21) | C35: =IF($K35="","",INDEX(Calcul!$A$5:$A$34,$K35)) | D35: =IF($K35="","",IF(INDEX(Paramètres!$B$11:$B$40,$K35)="","—",INDEX(Paramètres!$B$11:$B$40,$K35))) | E35: =IF($K35="","",INDEX(Calcul!$C$5:$N$34,$K35,Calcul!$C$48)) | F35: =IF($K35="","",INDEX(Calcul!$P$5:$AA$34,$K35,Calcul!$C$48)) | G35: =IF($K35="","",IF(E35=0,"",F35/E35)) | H35: =IF(G35="","",IF(G35>=Paramètres!$B$5,"● Modèle",IF(G35>=Paramètres!$B$6,"● Régulier","● Critique"))) | I35: =IF(OR($K35="",Calcul!$C$48=1),"",IF(ISNUMBER(INDEX(Calcul!$AC$5:$AN$34,$K35,MAX(1,Calcul!$C$48-1))),G35-INDEX(Calcul!$AC$5:$AN$34,$K35,MAX(1,Calcul!$C$48-1)),"")) | J35: =IF($K35="","",INDEX(Calcul!$AP$5:$BA$34,$K35,Calcul!$C$48)) | K35: =IFERROR(MATCH(21,Calcul!$BF$5:$BF$34,0),"")
B36: =IF($K36="","",22) | C36: =IF($K36="","",INDEX(Calcul!$A$5:$A$34,$K36)) | D36: =IF($K36="","",IF(INDEX(Paramètres!$B$11:$B$40,$K36)="","—",INDEX(Paramètres!$B$11:$B$40,$K36))) | E36: =IF($K36="","",INDEX(Calcul!$C$5:$N$34,$K36,Calcul!$C$48)) | F36: =IF($K36="","",INDEX(Calcul!$P$5:$AA$34,$K36,Calcul!$C$48)) | G36: =IF($K36="","",IF(E36=0,"",F36/E36)) | H36: =IF(G36="","",IF(G36>=Paramètres!$B$5,"● Modèle",IF(G36>=Paramètres!$B$6,"● Régulier","● Critique"))) | I36: =IF(OR($K36="",Calcul!$C$48=1),"",IF(ISNUMBER(INDEX(Calcul!$AC$5:$AN$34,$K36,MAX(1,Calcul!$C$48-1))),G36-INDEX(Calcul!$AC$5:$AN$34,$K36,MAX(1,Calcul!$C$48-1)),"")) | J36: =IF($K36="","",INDEX(Calcul!$AP$5:$BA$34,$K36,Calcul!$C$48)) | K36: =IFERROR(MATCH(22,Calcul!$BF$5:$BF$34,0),"")
B37: =IF($K37="","",23) | C37: =IF($K37="","",INDEX(Calcul!$A$5:$A$34,$K37)) | D37: =IF($K37="","",IF(INDEX(Paramètres!$B$11:$B$40,$K37)="","—",INDEX(Paramètres!$B$11:$B$40,$K37))) | E37: =IF($K37="","",INDEX(Calcul!$C$5:$N$34,$K37,Calcul!$C$48)) | F37: =IF($K37="","",INDEX(Calcul!$P$5:$AA$34,$K37,Calcul!$C$48)) | G37: =IF($K37="","",IF(E37=0,"",F37/E37)) | H37: =IF(G37="","",IF(G37>=Paramètres!$B$5,"● Modèle",IF(G37>=Paramètres!$B$6,"● Régulier","● Critique"))) | I37: =IF(OR($K37="",Calcul!$C$48=1),"",IF(ISNUMBER(INDEX(Calcul!$AC$5:$AN$34,$K37,MAX(1,Calcul!$C$48-1))),G37-INDEX(Calcul!$AC$5:$AN$34,$K37,MAX(1,Calcul!$C$48-1)),"")) | J37: =IF($K37="","",INDEX(Calcul!$AP$5:$BA$34,$K37,Calcul!$C$48)) | K37: =IFERROR(MATCH(23,Calcul!$BF$5:$BF$34,0),"")
B38: =IF($K38="","",24) | C38: =IF($K38="","",INDEX(Calcul!$A$5:$A$34,$K38)) | D38: =IF($K38="","",IF(INDEX(Paramètres!$B$11:$B$40,$K38)="","—",INDEX(Paramètres!$B$11:$B$40,$K38))) | E38: =IF($K38="","",INDEX(Calcul!$C$5:$N$34,$K38,Calcul!$C$48)) | F38: =IF($K38="","",INDEX(Calcul!$P$5:$AA$34,$K38,Calcul!$C$48)) | G38: =IF($K38="","",IF(E38=0,"",F38/E38)) | H38: =IF(G38="","",IF(G38>=Paramètres!$B$5,"● Modèle",IF(G38>=Paramètres!$B$6,"● Régulier","● Critique"))) | I38: =IF(OR($K38="",Calcul!$C$48=1),"",IF(ISNUMBER(INDEX(Calcul!$AC$5:$AN$34,$K38,MAX(1,Calcul!$C$48-1))),G38-INDEX(Calcul!$AC$5:$AN$34,$K38,MAX(1,Calcul!$C$48-1)),"")) | J38: =IF($K38="","",INDEX(Calcul!$AP$5:$BA$34,$K38,Calcul!$C$48)) | K38: =IFERROR(MATCH(24,Calcul!$BF$5:$BF$34,0),"")
B39: =IF($K39="","",25) | C39: =IF($K39="","",INDEX(Calcul!$A$5:$A$34,$K39)) | D39: =IF($K39="","",IF(INDEX(Paramètres!$B$11:$B$40,$K39)="","—",INDEX(Paramètres!$B$11:$B$40,$K39))) | E39: =IF($K39="","",INDEX(Calcul!$C$5:$N$34,$K39,Calcul!$C$48)) | F39: =IF($K39="","",INDEX(Calcul!$P$5:$AA$34,$K39,Calcul!$C$48)) | G39: =IF($K39="","",IF(E39=0,"",F39/E39)) | H39: =IF(G39="","",IF(G39>=Paramètres!$B$5,"● Modèle",IF(G39>=Paramètres!$B$6,"● Régulier","● Critique"))) | I39: =IF(OR($K39="",Calcul!$C$48=1),"",IF(ISNUMBER(INDEX(Calcul!$AC$5:$AN$34,$K39,MAX(1,Calcul!$C$48-1))),G39-INDEX(Calcul!$AC$5:$AN$34,$K39,MAX(1,Calcul!$C$48-1)),"")) | J39: =IF($K39="","",INDEX(Calcul!$AP$5:$BA$34,$K39,Calcul!$C$48)) | K39: =IFERROR(MATCH(25,Calcul!$BF$5:$BF$34,0),"")
B40: =IF($K40="","",26) | C40: =IF($K40="","",INDEX(Calcul!$A$5:$A$34,$K40)) | D40: =IF($K40="","",IF(INDEX(Paramètres!$B$11:$B$40,$K40)="","—",INDEX(Paramètres!$B$11:$B$40,$K40))) | E40: =IF($K40="","",INDEX(Calcul!$C$5:$N$34,$K40,Calcul!$C$48)) | F40: =IF($K40="","",INDEX(Calcul!$P$5:$AA$34,$K40,Calcul!$C$48)) | G40: =IF($K40="","",IF(E40=0,"",F40/E40)) | H40: =IF(G40="","",IF(G40>=Paramètres!$B$5,"● Modèle",IF(G40>=Paramètres!$B$6,"● Régulier","● Critique"))) | I40: =IF(OR($K40="",Calcul!$C$48=1),"",IF(ISNUMBER(INDEX(Calcul!$AC$5:$AN$34,$K40,MAX(1,Calcul!$C$48-1))),G40-INDEX(Calcul!$AC$5:$AN$34,$K40,MAX(1,Calcul!$C$48-1)),"")) | J40: =IF($K40="","",INDEX(Calcul!$AP$5:$BA$34,$K40,Calcul!$C$48)) | K40: =IFERROR(MATCH(26,Calcul!$BF$5:$BF$34,0),"")
B41: =IF($K41="","",27) | C41: =IF($K41="","",INDEX(Calcul!$A$5:$A$34,$K41)) | D41: =IF($K41="","",IF(INDEX(Paramètres!$B$11:$B$40,$K41)="","—",INDEX(Paramètres!$B$11:$B$40,$K41))) | E41: =IF($K41="","",INDEX(Calcul!$C$5:$N$34,$K41,Calcul!$C$48)) | F41: =IF($K41="","",INDEX(Calcul!$P$5:$AA$34,$K41,Calcul!$C$48)) | G41: =IF($K41="","",IF(E41=0,"",F41/E41)) | H41: =IF(G41="","",IF(G41>=Paramètres!$B$5,"● Modèle",IF(G41>=Paramètres!$B$6,"● Régulier","● Critique"))) | I41: =IF(OR($K41="",Calcul!$C$48=1),"",IF(ISNUMBER(INDEX(Calcul!$AC$5:$AN$34,$K41,MAX(1,Calcul!$C$48-1))),G41-INDEX(Calcul!$AC$5:$AN$34,$K41,MAX(1,Calcul!$C$48-1)),"")) | J41: =IF($K41="","",INDEX(Calcul!$AP$5:$BA$34,$K41,Calcul!$C$48)) | K41: =IFERROR(MATCH(27,Calcul!$BF$5:$BF$34,0),"")
B42: =IF($K42="","",28) | C42: =IF($K42="","",INDEX(Calcul!$A$5:$A$34,$K42)) | D42: =IF($K42="","",IF(INDEX(Paramètres!$B$11:$B$40,$K42)="","—",INDEX(Paramètres!$B$11:$B$40,$K42))) | E42: =IF($K42="","",INDEX(Calcul!$C$5:$N$34,$K42,Calcul!$C$48)) | F42: =IF($K42="","",INDEX(Calcul!$P$5:$AA$34,$K42,Calcul!$C$48)) | G42: =IF($K42="","",IF(E42=0,"",F42/E42)) | H42: =IF(G42="","",IF(G42>=Paramètres!$B$5,"● Modèle",IF(G42>=Paramètres!$B$6,"● Régulier","● Critique"))) | I42: =IF(OR($K42="",Calcul!$C$48=1),"",IF(ISNUMBER(INDEX(Calcul!$AC$5:$AN$34,$K42,MAX(1,Calcul!$C$48-1))),G42-INDEX(Calcul!$AC$5:$AN$34,$K42,MAX(1,Calcul!$C$48-1)),"")) | J42: =IF($K42="","",INDEX(Calcul!$AP$5:$BA$34,$K42,Calcul!$C$48)) | K42: =IFERROR(MATCH(28,Calcul!$BF$5:$BF$34,0),"")
B43: =IF($K43="","",29) | C43: =IF($K43="","",INDEX(Calcul!$A$5:$A$34,$K43)) | D43: =IF($K43="","",IF(INDEX(Paramètres!$B$11:$B$40,$K43)="","—",INDEX(Paramètres!$B$11:$B$40,$K43))) | E43: =IF($K43="","",INDEX(Calcul!$C$5:$N$34,$K43,Calcul!$C$48)) | F43: =IF($K43="","",INDEX(Calcul!$P$5:$AA$34,$K43,Calcul!$C$48)) | G43: =IF($K43="","",IF(E43=0,"",F43/E43)) | H43: =IF(G43="","",IF(G43>=Paramètres!$B$5,"● Modèle",IF(G43>=Paramètres!$B$6,"● Régulier","● Critique"))) | I43: =IF(OR($K43="",Calcul!$C$48=1),"",IF(ISNUMBER(INDEX(Calcul!$AC$5:$AN$34,$K43,MAX(1,Calcul!$C$48-1))),G43-INDEX(Calcul!$AC$5:$AN$34,$K43,MAX(1,Calcul!$C$48-1)),"")) | J43: =IF($K43="","",INDEX(Calcul!$AP$5:$BA$34,$K43,Calcul!$C$48)) | K43: =IFERROR(MATCH(29,Calcul!$BF$5:$BF$34,0),"")
B44: =IF($K44="","",30) | C44: =IF($K44="","",INDEX(Calcul!$A$5:$A$34,$K44)) | D44: =IF($K44="","",IF(INDEX(Paramètres!$B$11:$B$40,$K44)="","—",INDEX(Paramètres!$B$11:$B$40,$K44))) | E44: =IF($K44="","",INDEX(Calcul!$C$5:$N$34,$K44,Calcul!$C$48)) | F44: =IF($K44="","",INDEX(Calcul!$P$5:$AA$34,$K44,Calcul!$C$48)) | G44: =IF($K44="","",IF(E44=0,"",F44/E44)) | H44: =IF(G44="","",IF(G44>=Paramètres!$B$5,"● Modèle",IF(G44>=Paramètres!$B$6,"● Régulier","● Critique"))) | I44: =IF(OR($K44="",Calcul!$C$48=1),"",IF(ISNUMBER(INDEX(Calcul!$AC$5:$AN$34,$K44,MAX(1,Calcul!$C$48-1))),G44-INDEX(Calcul!$AC$5:$AN$34,$K44,MAX(1,Calcul!$C$48-1)),"")) | J44: =IF($K44="","",INDEX(Calcul!$AP$5:$BA$34,$K44,Calcul!$C$48)) | K44: =IFERROR(MATCH(30,Calcul!$BF$5:$BF$34,0),"")
B46: Contrôles qualité des données
B47: Lignes importées dans le journal | H47: =COUNTA(Journal!B2:B3001) -> 922
B48: Lignes dont la date n'a pas pu être lue (doit être 0) | H48: =COUNTIF(Journal!H2:H3001,"?") -> 0
B49: Noms du journal absents de l'effectif (doit être 0) | H49: =COUNTIF(Journal!L2:L3001,0) -> 0
B50: Doublons supprimés (même responsable, même jour) | H50: =COUNT(Journal!H2:H3001)-SUM(Journal!I2:I3001) -> 179
B51: Accès hors jours ouvrés exclus (week-ends, fériés, fermetures) | H51: =COUNTIFS(Journal!I2:I3001,1,Journal!J2:J3001,0) -> 62
B52: Dernier jour présent dans le journal | H52: =Calcul!C2 -> 46294
B54: Les dates de début/fin des responsables et les jours non ouvrés se règlent dans l'onglet Paramètres (cellules jaunes). Principe et cible : onglet Méthode.

Sheet Paramètres
A1: PARAMÈTRES — effectif, seuils et calendrier
A2: Cellules sur fond jaune = à renseigner / confirmer. Tout le reste se calcule automatiquement.
A4: Seuils
A5: Objectif atteint (taux ≥) | B5: 0.7
A6: Alerte (taux ≥, sinon Critique) | B6: 0.4
A7: Cible direction : jours consultés par jour ouvré | B7: 1 | C7: Information : le taux = jours avec ≥1 accès ÷ jours ouvrés attendus.
A8: Année de suivi | B8: 2026
H9: Jours non ouvrés (fériés / fermetures) — en plus des samedis et dimanches | K9: Mots de mois reconnus dans l'export
A10: Responsable (nom exact du journal) | B10: Fonction / rôle | C10: Date début | D10: Date fin | E10: Cible individuelle (jours/semaine) | F10: Note | H10: Date | I10: Motif / source | K10: Mot | L10: N°
A11: Ahlem Moussa | B11: Quality Inspector | E11: 5 | H11: 46023 | I11: Jour de l'An (jour férié légal ; aucun accès au journal) | K11: janv | L11: 1
A12: Amani Nasser | B12: Purchaser & Imp/Exp Agent | D12: 46142 | E12: 5 | F12: Départ (Améni). Date de fin = fin du mois de son dernier accès (13/04) — À CONFIRMER | H12: 46101 | I12: Fête de l'Indépendance + Aïd el-Fitr (20, 21 et 22 mars) | K12: janvier | L12: 1
A13: Amine Latrech | B13: Head of Maintenance | E13: 5 | H13: 46143 | I13: Fête du Travail | K13: févr | L13: 2
A14: Chaima Jdid | B14: Industerial Engeneering | C14: 46204 | D14: 46295 | E14: 5 | F14: Nouvelle recrue, contrat juin→septembre (1er accès journal : 09/07) | H14: 46169 | I14: Aïd el-Adha (mercredi 27 au samedi 30 mai) | K14: fevr | L14: 2
A15: Imre Kapusi | B15: Manufacturing Manager | E15: 5 | H15: 46170 | I15: Aïd el-Adha (mercredi 27 au samedi 30 mai) | K15: février | L15: 2
A16: Ines Farhat | B16: Quality Control & PACK Supervisor | E16: 5 | H16: 46171 | I16: Aïd el-Adha (mercredi 27 au samedi 30 mai) | K16: mars | L16: 3
A17: Lobna Jberi | B17: Purchaser & Imp/Exp Agent | C17: 46204 | E17: 5 | F17: Remplaçante d'Amani Nasser — date de début À CONFIRMER (aucun accès en septembre) | H17: 46244 | I17: Fermeture estivale du 09/08 au 26/08/2026 | K17: avr | L17: 4
A18: Marwa Solaani | B18: Production Team Leader | E18: 5 | H18: 46245 | I18: Fermeture estivale du 09/08 au 26/08/2026 | K18: avril | L18: 4
A19: Mina Moussa | B19: General Manager | E19: 5 | H19: 46246 | I19: Fermeture estivale du 09/08 au 26/08/2026 | K19: mai | L19: 5
A20: Mohamed Sniha | B20: Administrative and financial Manager | E20: 5 | H20: 46247 | I20: Fermeture estivale du 09/08 au 26/08/2026 | K20: juin | L20: 6
A21: Mourad Ayari | B21: Manufacturing Supervisor | E21: 5 | H21: 46248 | I21: Fermeture estivale du 09/08 au 26/08/2026 | K21: juil | L21: 7
A22: Nesrine Laassili | B22: planning | D22: 46112 | E22: 5 | F22: Sortie de la société (dernier accès 27/03) — date de fin À CONFIRMER | H22: 46251 | I22: Fermeture estivale du 09/08 au 26/08/2026 | K22: juillet | L22: 7
A23: Nouha Ben Khlifa | B23: Time & Methods Analyst | C23: 46204 | E23: 5 | F23: Arrivée juillet (1er accès 06/07) — date de début À CONFIRMER | H23: 46252 | I23: Fermeture estivale du 09/08 au 26/08/2026 | K23: août | L23: 8
A24: Sabrine Neffeti | B24: Human Resources Officer | E24: 5 | H24: 46253 | I24: Fermeture estivale du 09/08 au 26/08/2026 | K24: aout | L24: 8
A25: Safouen Magdouli | B25: Leather Cutting Supervisor | E25: 5 | H25: 46254 | I25: Fermeture estivale du 09/08 au 26/08/2026 | K25: sept | L25: 9
A26: Said Hamrouni | B26: Planning & Logistics Manager | D26: 46203 | E26: 5 | F26: Départ. Date de fin = fin du mois de son dernier accès (24/06) — À CONFIRMER | H26: 46255 | I26: Fermeture estivale du 09/08 au 26/08/2026 | K26: septembre | L26: 9
A27: Wissem Ben Abdalah | B27: StoreKeeper | E27: 5 | H27: 46258 | I27: Fermeture estivale du 09/08 au 26/08/2026 | K27: oct | L27: 10
A28: Zouhour Fathallah | B28: QHSE Leader | E28: 5 | H28: 46259 | I28: Fermeture estivale du 09/08 au 26/08/2026 | K28: octobre | L28: 10
H29: 46260 | I29: Fermeture estivale du 09/08 au 26/08/2026 | K29: nov | L29: 11
K30: novembre | L30: 11
K31: déc | L31: 12
K32: dec | L32: 12
K33: décembre | L33: 12
A41: Lignes 11 à 40 : ajoutez ici chaque nouvel utilisateur (dates début/fin = période pendant laquelle il doit utiliser Qualipro). Cible individuelle : 5 = quotidien (cible direction) ; ex. 2 = deux jours par semaine pour un rôle ponctuel.

Sheet Journal
A1: Matricule (optionnel) | B1: Nom | C1: Date et heure (copie de l'export) | D1: Nom nettoyé | E1: Mois (mot) | F1: Jour | G1: Année | H1: Date | I1: 1er accès du jour (1=oui) | J1: Jour ouvré | K1: Compté (1er accès × jour ouvré) | L1: Connu dans l'effectif | N1: MISE À JOUR MENSUELLE : collez l'export brut (sans dédoublonner) dans les colonnes B et C à la suite des lignes existantes. Tout le reste se calcule (jusqu'à la ligne 3001).
B2: Mina Moussa | C2: janv 02 2026 7:58AM | D2: =IF(B2="","",TRIM(B2)) -> Mina Moussa | E2: =IF($C2="","",LEFT($C2,FIND(" ",$C2)-1)) -> janv | F2: =IF($C2="","",IFERROR(VALUE(LEFT(MID($C2,FIND(" ",$C2)+1,20),FIND(" ",MID($C2,FIND(" ",$C2)+1,20))-1)),"?")) -> 2 | G2: =IF($C2="","",IFERROR(VALUE(MID(MID($C2,FIND(" ",$C2)+1,20),FIND(" ",MID($C2,FIND(" ",$C2)+1,20))+1,4)),"?")) -> 2026 | H2: =IF($C2="","",IFERROR(DATE(G2,VLOOKUP(E2,Paramètres!$K$11:$L$40,2,FALSE()),F2),"?")) -> 46024 | I2: =IF(ISNUMBER(H2),IF(COUNTIFS($D$2:D2,D2,$H$2:H2,H2)=1,1,0),"") -> 1 | J2: =IF(ISNUMBER(H2),IFERROR(INDEX(Calendrier!$C$2:$C$367,MATCH(H2,Calendrier!$A$2:$A$367,0)),0),"") -> 1 | K2: =IF(ISNUMBER(H2),I2*J2,"") -> 1 | L2: =IF(D2="","",IF(COUNTIF(Paramètres!$A$11:$A$40,D2)>0,1,0)) -> 1
B3: Mina Moussa | C3: janv 02 2026 8:03AM | D3: =IF(B3="","",TRIM(B3)) -> Mina Moussa | E3: =IF($C3="","",LEFT($C3,FIND(" ",$C3)-1)) -> janv | F3: =IF($C3="","",IFERROR(VALUE(LEFT(MID($C3,FIND(" ",$C3)+1,20),FIND(" ",MID($C3,FIND(" ",$C3)+1,20))-1)),"?")) -> 2 | G3: =IF($C3="","",IFERROR(VALUE(MID(MID($C3,FIND(" ",$C3)+1,20),FIND(" ",MID($C3,FIND(" ",$C3)+1,20))+1,4)),"?")) -> 2026 | H3: =IF($C3="","",IFERROR(DATE(G3,VLOOKUP(E3,Paramètres!$K$11:$L$40,2,FALSE()),F3),"?")) -> 46024 | I3: =IF(ISNUMBER(H3),IF(COUNTIFS($D$2:D3,D3,$H$2:H3,H3)=1,1,0),"") -> 0 | J3: =IF(ISNUMBER(H3),IFERROR(INDEX(Calendrier!$C$2:$C$367,MATCH(H3,Calendrier!$A$2:$A$367,0)),0),"") -> 1 | K3: =IF(ISNUMBER(H3),I3*J3,"") -> 0 | L3: =IF(D3="","",IF(COUNTIF(Paramètres!$A$11:$A$40,D3)>0,1,0)) -> 1
B4: Mina Moussa | C4: janv 02 2026 9:20AM | D4: =IF(B4="","",TRIM(B4)) -> Mina Moussa | E4: =IF($C4="","",LEFT($C4,FIND(" ",$C4)-1)) -> janv | F4: =IF($C4="","",IFERROR(VALUE(LEFT(MID($C4,FIND(" ",$C4)+1,20),FIND(" ",MID($C4,FIND(" ",$C4)+1,20))-1)),"?")) -> 2 | G4: =IF($C4="","",IFERROR(VALUE(MID(MID($C4,FIND(" ",$C4)+1,20),FIND(" ",MID($C4,FIND(" ",$C4)+1,20))+1,4)),"?")) -> 2026 | H4: =IF($C4="","",IFERROR(DATE(G4,VLOOKUP(E4,Paramètres!$K$11:$L$40,2,FALSE()),F4),"?")) -> 46024 | I4: =IF(ISNUMBER(H4),IF(COUNTIFS($D$2:D4,D4,$H$2:H4,H4)=1,1,0),"") -> 0 | J4: =IF(ISNUMBER(H4),IFERROR(INDEX(Calendrier!$C$2:$C$367,MATCH(H4,Calendrier!$A$2:$A$367,0)),0),"") -> 1 | K4: =IF(ISNUMBER(H4),I4*J4,"") -> 0 | L4: =IF(D4="","",IF(COUNTIF(Paramètres!$A$11:$A$40,D4)>0,1,0)) -> 1
B5: Mina Moussa | C5: janv 02 2026 12:51PM | D5: =IF(B5="","",TRIM(B5)) -> Mina Moussa | E5: =IF($C5="","",LEFT($C5,FIND(" ",$C5)-1)) -> janv | F5: =IF($C5="","",IFERROR(VALUE(LEFT(MID($C5,FIND(" ",$C5)+1,20),FIND(" ",MID($C5,FIND(" ",$C5)+1,20))-1)),"?")) -> 2 | G5: =IF($C5="","",IFERROR(VALUE(MID(MID($C5,FIND(" ",$C5)+1,20),FIND(" ",MID($C5,FIND(" ",$C5)+1,20))+1,4)),"?")) -> 2026 | H5: =IF($C5="","",IFERROR(DATE(G5,VLOOKUP(E5,Paramètres!$K$11:$L$40,2,FALSE()),F5),"?")) -> 46024 | I5: =IF(ISNUMBER(H5),IF(COUNTIFS($D$2:D5,D5,$H$2:H5,H5)=1,1,0),"") -> 0 | J5: =IF(ISNUMBER(H5),IFERROR(INDEX(Calendrier!$C$2:$C$367,MATCH(H5,Calendrier!$A$2:$A$367,0)),0),"") -> 1 | K5: =IF(ISNUMBER(H5),I5*J5,"") -> 0 | L5: =IF(D5="","",IF(COUNTIF(Paramètres!$A$11:$A$40,D5)>0,1,0)) -> 1
B6: Mina Moussa | C6: janv 02 2026 5:55PM | D6: =IF(B6="","",TRIM(B6)) -> Mina Moussa | E6: =IF($C6="","",LEFT($C6,FIND(" ",$C6)-1)) -> janv | F6: =IF($C6="","",IFERROR(VALUE(LEFT(MID($C6,FIND(" ",$C6)+1,20),FIND(" ",MID($C6,FIND(" ",$C6)+1,20))-1)),"?")) -> 2 | G6: =IF($C6="","",IFERROR(VALUE(MID(MID($C6,FIND(" ",$C6)+1,20),FIND(" ",MID($C6,FIND(" ",$C6)+1,20))+1,4)),"?")) -> 2026 | H6: =IF($C6="","",IFERROR(DATE(G6,VLOOKUP(E6,Paramètres!$K$11:$L$40,2,FALSE()),F6),"?")) -> 46024 | I6: =IF(ISNUMBER(H6),IF(COUNTIFS($D$2:D6,D6,$H$2:H6,H6)=1,1,0),"") -> 0 | J6: =IF(ISNUMBER(H6),IFERROR(INDEX(Calendrier!$C$2:$C$367,MATCH(H6,Calendrier!$A$2:$A$367,0)),0),"") -> 1 | K6: =IF(ISNUMBER(H6),I6*J6,"") -> 0 | L6: =IF(D6="","",IF(COUNTIF(Paramètres!$A$11:$A$40,D6)>0,1,0)) -> 1
B7: Mina Moussa | C7: janv 05 2026 4:26PM | D7: =IF(B7="","",TRIM(B7)) -> Mina Moussa | E7: =IF($C7="","",LEFT($C7,FIND(" ",$C7)-1)) -> janv | F7: =IF($C7="","",IFERROR(VALUE(LEFT(MID($C7,FIND(" ",$C7)+1,20),FIND(" ",MID($C7,FIND(" ",$C7)+1,20))-1)),"?")) -> 5 | G7: =IF($C7="","",IFERROR(VALUE(MID(MID($C7,FIND(" ",$C7)+1,20),FIND(" ",MID($C7,FIND(" ",$C7)+1,20))+1,4)),"?")) -> 2026 | H7: =IF($C7="","",IFERROR(DATE(G7,VLOOKUP(E7,Paramètres!$K$11:$L$40,2,FALSE()),F7),"?")) -> 46027 | I7: =IF(ISNUMBER(H7),IF(COUNTIFS($D$2:D7,D7,$H$2:H7,H7)=1,1,0),"") -> 1 | J7: =IF(ISNUMBER(H7),IFERROR(INDEX(Calendrier!$C$2:$C$367,MATCH(H7,Calendrier!$A$2:$A$367,0)),0),"") -> 1 | K7: =IF(ISNUMBER(H7),I7*J7,"") -> 1 | L7: =IF(D7="","",IF(COUNTIF(Paramètres!$A$11:$A$40,D7)>0,1,0)) -> 1
B8: Mina Moussa | C8: janv 06 2026 9:58AM | D8: =IF(B8="","",TRIM(B8)) -> Mina Moussa | E8: =IF($C8="","",LEFT($C8,FIND(" ",$C8)-1)) -> janv | F8: =IF($C8="","",IFERROR(VALUE(LEFT(MID($C8,FIND(" ",$C8)+1,20),FIND(" ",MID($C8,FIND(" ",$C8)+1,20))-1)),"?")) -> 6 | G8: =IF($C8="","",IFERROR(VALUE(MID(MID($C8,FIND(" ",$C8)+1,20),FIND(" ",MID($C8,FIND(" ",$C8)+1,20))+1,4)),"?")) -> 2026 | H8: =IF($C8="","",IFERROR(DATE(G8,VLOOKUP(E8,Paramètres!$K$11:$L$40,2,FALSE()),F8),"?")) -> 46028 | I8: =IF(ISNUMBER(H8),IF(COUNTIFS($D$2:D8,D8,$H$2:H8,H8)=1,1,0),"") -> 1 | J8: =IF(ISNUMBER(H8),IFERROR(INDEX(Calendrier!$C$2:$C$367,MATCH(H8,Calendrier!$A$2:$A$367,0)),0),"") -> 1 | K8: =IF(ISNUMBER(H8),I8*J8,"") -> 1 | L8: =IF(D8="","",IF(COUNTIF(Paramètres!$A$11:$A$40,D8)>0,1,0)) -> 1
B9: Mina Moussa | C9: janv 07 2026 9:49AM | D9: =IF(B9="","",TRIM(B9)) -> Mina Moussa | E9: =IF($C9="","",LEFT($C9,FIND(" ",$C9)-1)) -> janv | F9: =IF($C9="","",IFERROR(VALUE(LEFT(MID($C9,FIND(" ",$C9)+1,20),FIND(" ",MID($C9,FIND(" ",$C9)+1,20))-1)),"?")) -> 7 | G9: =IF($C9="","",IFERROR(VALUE(MID(MID($C9,FIND(" ",$C9)+1,20),FIND(" ",MID($C9,FIND(" ",$C9)+1,20))+1,4)),"?")) -> 2026 | H9: =IF($C9="","",IFERROR(DATE(G9,VLOOKUP(E9,Paramètres!$K$11:$L$40,2,FALSE()),F9),"?")) -> 46029 | I9: =IF(ISNUMBER(H9),IF(COUNTIFS($D$2:D9,D9,$H$2:H9,H9)=1,1,0),"") -> 1 | J9: =IF(ISNUMBER(H9),IFERROR(INDEX(Calendrier!$C$2:$C$367,MATCH(H9,Calendrier!$A$2:$A$367,0)),0),"") -> 1 | K9: =IF(ISNUMBER(H9),I9*J9,"") -> 1 | L9: =IF(D9="","",IF(COUNTIF(Paramètres!$A$11:$A$40,D9)>0,1,0)) -> 1
B10: Mina Moussa | C10: janv 07 2026 10:01AM | D10: =IF(B10="","",TRIM(B10)) -> Mina Moussa | E10: =IF($C10="","",LEFT($C10,FIND(" ",$C10)-1)) -> janv | F10: =IF($C10="","",IFERROR(VALUE(LEFT(MID($C10,FIND(" ",$C10)+1,20),FIND(" ",MID($C10,FIND(" ",$C10)+1,20))-1)),"?")) -> 7 | G10: =IF($C10="","",IFERROR(VALUE(MID(MID($C10,FIND(" ",$C10)+1,20),FIND(" ",MID($C10,FIND(" ",$C10)+1,20))+1,4)),"?")) -> 2026 | H10: =IF($C10="","",IFERROR(DATE(G10,VLOOKUP(E10,Paramètres!$K$11:$L$40,2,FALSE()),F10),"?")) -> 46029 | I10: =IF(ISNUMBER(H10),IF(COUNTIFS($D$2:D10,D10,$H$2:H10,H10)=1,1,0),"") -> 0 | J10: =IF(ISNUMBER(H10),IFERROR(INDEX(Calendrier!$C$2:$C$367,MATCH(H10,Calendrier!$A$2:$A$367,0)),0),"") -> 1 | K10: =IF(ISNUMBER(H10),I10*J10,"") -> 0 | L10: =IF(D10="","",IF(COUNTIF(Paramètres!$A$11:$A$40,D10)>0,1,0)) -> 1
B11: Mina Moussa | C11: janv 07 2026 1:34PM | D11: =IF(B11="","",TRIM(B11)) -> Mina Moussa | E11: =IF($C11="","",LEFT($C11,FIND(" ",$C11)-1)) -> janv | F11: =IF($C11="","",IFERROR(VALUE(LEFT(MID($C11,FIND(" ",$C11)+1,20),FIND(" ",MID($C11,FIND(" ",$C11)+1,20))-1)),"?")) -> 7 | G11: =IF($C11="","",IFERROR(VALUE(MID(MID($C11,FIND(" ",$C11)+1,20),FIND(" ",MID($C11,FIND(" ",$C11)+1,20))+1,4)),"?")) -> 2026 | H11: =IF($C11="","",IFERROR(DATE(G11,VLOOKUP(E11,Paramètres!$K$11:$L$40,2,FALSE()),F11),"?")) -> 46029 | I11: =IF(ISNUMBER(H11),IF(COUNTIFS($D$2:D11,D11,$H$2:H11,H11)=1,1,0),"") -> 0 | J11: =IF(ISNUMBER(H11),IFERROR(INDEX(Calendrier!$C$2:$C$367,MATCH(H11,Calendrier!$A$2:$A$367,0)),0),"") -> 1 | K11: =IF(ISNUMBER(H11),I11*J11,"") -> 0 | L11: =IF(D11="","",IF(COUNTIF(Paramètres!$A$11:$A$40,D11)>0,1,0)) -> 1
B12: Mina Moussa | C12: janv 07 2026 2:33PM | D12: =IF(B12="","",TRIM(B12)) -> Mina Moussa | E12: =IF($C12="","",LEFT($C12,FIND(" ",$C12)-1)) -> janv | F12: =IF($C12="","",IFERROR(VALUE(LEFT(MID($C12,FIND(" ",$C12)+1,20),FIND(" ",MID($C12,FIND(" ",$C12)+1,20))-1)),"?")) -> 7 | G12: =IF($C12="","",IFERROR(VALUE(MID(MID($C12,FIND(" ",$C12)+1,20),FIND(" ",MID($C12,FIND(" ",$C12)+1,20))+1,4)),"?")) -> 2026 | H12: =IF($C12="","",IFERROR(DATE(G12,VLOOKUP(E12,Paramètres!$K$11:$L$40,2,FALSE()),F12),"?")) -> 46029 | I12: =IF(ISNUMBER(H12),IF(COUNTIFS($D$2:D12,D12,$H$2:H12,H12)=1,1,0),"") -> 0 | J12: =IF(ISNUMBER(H12),IFERROR(INDEX(Calendrier!$C$2:$C$367,MATCH(H12,Calendrier!$A$2:$A$367,0)),0),"") -> 1 | K12: =IF(ISNUMBER(H12),I12*J12,"") -> 0 | L12: =IF(D12="","",IF(COUNTIF(Paramètres!$A$11:$A$40,D12)>0,1,0)) -> 1
B13: Mina Moussa | C13: janv 07 2026 3:49PM | D13: =IF(B13="","",TRIM(B13)) -> Mina Moussa | E13: =IF($C13="","",LEFT($C13,FIND(" ",$C13)-1)) -> janv | F13: =IF($C13="","",IFERROR(VALUE(LEFT(MID($C13,FIND(" ",$C13)+1,20),FIND(" ",MID($C13,FIND(" ",$C13)+1,20))-1)),"?")) -> 7 | G13: =IF($C13="","",IFERROR(VALUE(MID(MID($C13,FIND(" ",$C13)+1,20),FIND(" ",MID($C13,FIND(" ",$C13)+1,20))+1,4)),"?")) -> 2026 | H13: =IF($C13="","",IFERROR(DATE(G13,VLOOKUP(E13,Paramètres!$K$11:$L$40,2,FALSE()),F13),"?")) -> 46029 | I13: =IF(ISNUMBER(H13),IF(COUNTIFS($D$2:D13,D13,$H$2:H13,H13)=1,1,0),"") -> 0 | J13: =IF(ISNUMBER(H13),IFERROR(INDEX(Calendrier!$C$2:$C$367,MATCH(H13,Calendrier!$A$2:$A$367,0)),0),"") -> 1 | K13: =IF(ISNUMBER(H13),I13*J13,"") -> 0 | L13: =IF(D13="","",IF(COUNTIF(Paramètres!$A$11:$A$40,D13)>0,1,0)) -> 1
... B923: Imre Kapusi | C923: sept 23 2026 10:01AM | D923: =IF(B923="","",TRIM(B923)) -> Imre Kapusi | E923: =IF($C923="","",LEFT($C923,FIND(" ",$C923)-1)) -> sept | F923: =IF($C923="","",IFERROR(VALUE(LEFT(MID($C923,FIND(" ",$C923)+1,20),FIND(" ",MID($C923,FIND(" ",$C923)+1,20))-1)),"?")) -> 23 | G923: =IF($C923="","",IFERROR(VALUE(MID(MID($C923,FIND(" ",$C923)+1,20),FIND(" ",MID($C923,FIND(" ",$C923)+1,20))+1,4)),"?")) -> 2026 | H923: =IF($C923="","",IFERROR(DATE(G923,VLOOKUP(E923,Paramètres!$K$11:$L$40,2,FALSE()),F923),"?")) -> 46288 | I923: =IF(ISNUMBER(H923),IF(COUNTIFS($D$2:D923,D923,$H$2:H923,H923)=1,1,0),"") -> 1 | J923: =IF(ISNUMBER(H923),IFERROR(INDEX(Calendrier!$C$2:$C$367,MATCH(H923,Calendrier!$A$2:$A$367,0)),0),"") -> 1 | K923: =IF(ISNUMBER(H923),I923*J923,"") -> 1 | L923: =IF(D923="","",IF(COUNTIF(Paramètres!$A$11:$A$40,D923)>0,1,0)) -> 1
D924: =IF(B924="","",TRIM(B924)) | E924: =IF($C924="","",LEFT($C924,FIND(" ",$C924)-1)) | F924: =IF($C924="","",IFERROR(VALUE(LEFT(MID($C924,FIND(" ",$C924)+1,20),FIND(" ",MID($C924,FIND(" ",$C924)+1,20))-1)),"?")) | G924: =IF($C924="","",IFERROR(VALUE(MID(MID($C924,FIND(" ",$C924)+1,20),FIND(" ",MID($C924,FIND(" ",$C924)+1,20))+1,4)),"?")) | H924: =IF($C924="","",IFERROR(DATE(G924,VLOOKUP(E924,Paramètres!$K$11:$L$40,2,FALSE()),F924),"?")) | I924: =IF(ISNUMBER(H924),IF(COUNTIFS($D$2:D924,D924,$H$2:H924,H924)=1,1,0),"") | J924: =IF(ISNUMBER(H924),IFERROR(INDEX(Calendrier!$C$2:$C$367,MATCH(H924,Calendrier!$A$2:$A$367,0)),0),"") | K924: =IF(ISNUMBER(H924),I924*J924,"") | L924: =IF(D924="","",IF(COUNTIF(Paramètres!$A$11:$A$40,D924)>0,1,0))
D925: =IF(B925="","",TRIM(B925)) | E925: =IF($C925="","",LEFT($C925,FIND(" ",$C925)-1)) | F925: =IF($C925="","",IFERROR(VALUE(LEFT(MID($C925,FIND(" ",$C925)+1,20),FIND(" ",MID($C925,FIND(" ",$C925)+1,20))-1)),"?")) | G925: =IF($C925="","",IFERROR(VALUE(MID(MID($C925,FIND(" ",$C925)+1,20),FIND(" ",MID($C925,FIND(" ",$C925)+1,20))+1,4)),"?")) | H925: =IF($C925="","",IFERROR(DATE(G925,VLOOKUP(E925,Paramètres!$K$11:$L$40,2,FALSE()),F925),"?")) | I925: =IF(ISNUMBER(H925),IF(COUNTIFS($D$2:D925,D925,$H$2:H925,H925)=1,1,0),"") | J925: =IF(ISNUMBER(H925),IFERROR(INDEX(Calendrier!$C$2:$C$367,MATCH(H925,Calendrier!$A$2:$A$367,0)),0),"") | K925: =IF(ISNUMBER(H925),I925*J925,"") | L925: =IF(D925="","",IF(COUNTIF(Paramètres!$A$11:$A$40,D925)>0,1,0))
D926: =IF(B926="","",TRIM(B926)) | E926: =IF($C926="","",LEFT($C926,FIND(" ",$C926)-1)) | F926: =IF($C926="","",IFERROR(VALUE(LEFT(MID($C926,FIND(" ",$C926)+1,20),FIND(" ",MID($C926,FIND(" ",$C926)+1,20))-1)),"?")) | G926: =IF($C926="","",IFERROR(VALUE(MID(MID($C926,FIND(" ",$C926)+1,20),FIND(" ",MID($C926,FIND(" ",$C926)+1,20))+1,4)),"?")) | H926: =IF($C926="","",IFERROR(DATE(G926,VLOOKUP(E926,Paramètres!$K$11:$L$40,2,FALSE()),F926),"?")) | I926: =IF(ISNUMBER(H926),IF(COUNTIFS($D$2:D926,D926,$H$2:H926,H926)=1,1,0),"") | J926: =IF(ISNUMBER(H926),IFERROR(INDEX(Calendrier!$C$2:$C$367,MATCH(H926,Calendrier!$A$2:$A$367,0)),0),"") | K926: =IF(ISNUMBER(H926),I926*J926,"") | L926: =IF(D926="","",IF(COUNTIF(Paramètres!$A$11:$A$40,D926)>0,1,0))
D927: =IF(B927="","",TRIM(B927)) | E927: =IF($C927="","",LEFT($C927,FIND(" ",$C927)-1)) | F927: =IF($C927="","",IFERROR(VALUE(LEFT(MID($C927,FIND(" ",$C927)+1,20),FIND(" ",MID($C927,FIND(" ",$C927)+1,20))-1)),"?")) | G927: =IF($C927="","",IFERROR(VALUE(MID(MID($C927,FIND(" ",$C927)+1,20),FIND(" ",MID($C927,FIND(" ",$C927)+1,20))+1,4)),"?")) | H927: =IF($C927="","",IFERROR(DATE(G927,VLOOKUP(E927,Paramètres!$K$11:$L$40,2,FALSE()),F927),"?")) | I927: =IF(ISNUMBER(H927),IF(COUNTIFS($D$2:D927,D927,$H$2:H927,H927)=1,1,0),"") | J927: =IF(ISNUMBER(H927),IFERROR(INDEX(Calendrier!$C$2:$C$367,MATCH(H927,Calendrier!$A$2:$A$367,0)),0),"") | K927: =IF(ISNUMBER(H927),I927*J927,"") | L927: =IF(D927="","",IF(COUNTIF(Paramètres!$A$11:$A$40,D927)>0,1,0))
D928: =IF(B928="","",TRIM(B928)) | E928: =IF($C928="","",LEFT($C928,FIND(" ",$C928)-1)) | F928: =IF($C928="","",IFERROR(VALUE(LEFT(MID($C928,FIND(" ",$C928)+1,20),FIND(" ",MID($C928,FIND(" ",$C928)+1,20))-1)),"?")) | G928: =IF($C928="","",IFERROR(VALUE(MID(MID($C928,FIND(" ",$C928)+1,20),FIND(" ",MID($C928,FIND(" ",$C928)+1,20))+1,4)),"?")) | H928: =IF($C928="","",IFERROR(DATE(G928,VLOOKUP(E928,Paramètres!$K$11:$L$40,2,FALSE()),F928),"?")) | I928: =IF(ISNUMBER(H928),IF(COUNTIFS($D$2:D928,D928,$H$2:H928,H928)=1,1,0),"") | J928: =IF(ISNUMBER(H928),IFERROR(INDEX(Calendrier!$C$2:$C$367,MATCH(H928,Calendrier!$A$2:$A$367,0)),0),"") | K928: =IF(ISNUMBER(H928),I928*J928,"") | L928: =IF(D928="","",IF(COUNTIF(Paramètres!$A$11:$A$40,D928)>0,1,0))
D929: =IF(B929="","",TRIM(B929)) | E929: =IF($C929="","",LEFT($C929,FIND(" ",$C929)-1)) | F929: =IF($C929="","",IFERROR(VALUE(LEFT(MID($C929,FIND(" ",$C929)+1,20),FIND(" ",MID($C929,FIND(" ",$C929)+1,20))-1)),"?")) | G929: =IF($C929="","",IFERROR(VALUE(MID(MID($C929,FIND(" ",$C929)+1,20),FIND(" ",MID($C929,FIND(" ",$C929)+1,20))+1,4)),"?")) | H929: =IF($C929="","",IFERROR(DATE(G929,VLOOKUP(E929,Paramètres!$K$11:$L$40,2,FALSE()),F929),"?")) | I929: =IF(ISNUMBER(H929),IF(COUNTIFS($D$2:D929,D929,$H$2:H929,H929)=1,1,0),"") | J929: =IF(ISNUMBER(H929),IFERROR(INDEX(Calendrier!$C$2:$C$367,MATCH(H929,Calendrier!$A$2:$A$367,0)),0),"") | K929: =IF(ISNUMBER(H929),I929*J929,"") | L929: =IF(D929="","",IF(COUNTIF(Paramètres!$A$11:$A$40,D929)>0,1,0))
D930: =IF(B930="","",TRIM(B930)) | E930: =IF($C930="","",LEFT($C930,FIND(" ",$C930)-1)) | F930: =IF($C930="","",IFERROR(VALUE(LEFT(MID($C930,FIND(" ",$C930)+1,20),FIND(" ",MID($C930,FIND(" ",$C930)+1,20))-1)),"?")) | G930: =IF($C930="","",IFERROR(VALUE(MID(MID($C930,FIND(" ",$C930)+1,20),FIND(" ",MID($C930,FIND(" ",$C930)+1,20))+1,4)),"?")) | H930: =IF($C930="","",IFERROR(DATE(G930,VLOOKUP(E930,Paramètres!$K$11:$L$40,2,FALSE()),F930),"?")) | I930: =IF(ISNUMBER(H930),IF(COUNTIFS($D$2:D930,D930,$H$2:H930,H930)=1,1,0),"") | J930: =IF(ISNUMBER(H930),IFERROR(INDEX(Calendrier!$C$2:$C$367,MATCH(H930,Calendrier!$A$2:$A$367,0)),0),"") | K930: =IF(ISNUMBER(H930),I930*J930,"") | L930: =IF(D930="","",IF(COUNTIF(Paramètres!$A$11:$A$40,D930)>0,1,0))
D931: =IF(B931="","",TRIM(B931)) | E931: =IF($C931="","",LEFT($C931,FIND(" ",$C931)-1)) | F931: =IF($C931="","",IFERROR(VALUE(LEFT(MID($C931,FIND(" ",$C931)+1,20),FIND(" ",MID($C931,FIND(" ",$C931)+1,20))-1)),"?")) | G931: =IF($C931="","",IFERROR(VALUE(MID(MID($C931,FIND(" ",$C931)+1,20),FIND(" ",MID($C931,FIND(" ",$C931)+1,20))+1,4)),"?")) | H931: =IF($C931="","",IFERROR(DATE(G931,VLOOKUP(E931,Paramètres!$K$11:$L$40,2,FALSE()),F931),"?")) | I931: =IF(ISNUMBER(H931),IF(COUNTIFS($D$2:D931,D931,$H$2:H931,H931)=1,1,0),"") | J931: =IF(ISNUMBER(H931),IFERROR(INDEX(Calendrier!$C$2:$C$367,MATCH(H931,Calendrier!$A$2:$A$367,0)),0),"") | K931: =IF(ISNUMBER(H931),I931*J931,"") | L931: =IF(D931="","",IF(COUNTIF(Paramètres!$A$11:$A$40,D931)>0,1,0))
D932: =IF(B932="","",TRIM(B932)) | E932: =IF($C932="","",LEFT($C932,FIND(" ",$C932)-1)) | F932: =IF($C932="","",IFERROR(VALUE(LEFT(MID($C932,FIND(" ",$C932)+1,20),FIND(" ",MID($C932,FIND(" ",$C932)+1,20))-1)),"?")) | G932: =IF($C932="","",IFERROR(VALUE(MID(MID($C932,FIND(" ",$C932)+1,20),FIND(" ",MID($C932,FIND(" ",$C932)+1,20))+1,4)),"?")) | H932: =IF($C932="","",IFERROR(DATE(G932,VLOOKUP(E932,Paramètres!$K$11:$L$40,2,FALSE()),F932),"?")) | I932: =IF(ISNUMBER(H932),IF(COUNTIFS($D$2:D932,D932,$H$2:H932,H932)=1,1,0),"") | J932: =IF(ISNUMBER(H932),IFERROR(INDEX(Calendrier!$C$2:$C$367,MATCH(H932,Calendrier!$A$2:$A$367,0)),0),"") | K932: =IF(ISNUMBER(H932),I932*J932,"") | L932: =IF(D932="","",IF(COUNTIF(Paramètres!$A$11:$A$40,D932)>0,1,0))
D933: =IF(B933="","",TRIM(B933)) | E933: =IF($C933="","",LEFT($C933,FIND(" ",$C933)-1)) | F933: =IF($C933="","",IFERROR(VALUE(LEFT(MID($C933,FIND(" ",$C933)+1,20),FIND(" ",MID($C933,FIND(" ",$C933)+1,20))-1)),"?")) | G933: =IF($C933="","",IFERROR(VALUE(MID(MID($C933,FIND(" ",$C933)+1,20),FIND(" ",MID($C933,FIND(" ",$C933)+1,20))+1,4)),"?")) | H933: =IF($C933="","",IFERROR(DATE(G933,VLOOKUP(E933,Paramètres!$K$11:$L$40,2,FALSE()),F933),"?")) | I933: =IF(ISNUMBER(H933),IF(COUNTIFS($D$2:D933,D933,$H$2:H933,H933)=1,1,0),"") | J933: =IF(ISNUMBER(H933),IFERROR(INDEX(Calendrier!$C$2:$C$367,MATCH(H933,Calendrier!$A$2:$A$367,0)),0),"") | K933: =IF(ISNUMBER(H933),I933*J933,"") | L933: =IF(D933="","",IF(COUNTIF(Paramètres!$A$11:$A$40,D933)>0,1,0))
D934: =IF(B934="","",TRIM(B934)) | E934: =IF($C934="","",LEFT($C934,FIND(" ",$C934)-1)) | F934: =IF($C934="","",IFERROR(VALUE(LEFT(MID($C934,FIND(" ",$C934)+1,20),FIND(" ",MID($C934,FIND(" ",$C934)+1,20))-1)),"?")) | G934: =IF($C934="","",IFERROR(VALUE(MID(MID($C934,FIND(" ",$C934)+1,20),FIND(" ",MID($C934,FIND(" ",$C934)+1,20))+1,4)),"?")) | H934: =IF($C934="","",IFERROR(DATE(G934,VLOOKUP(E934,Paramètres!$K$11:$L$40,2,FALSE()),F934),"?")) | I934: =IF(ISNUMBER(H934),IF(COUNTIFS($D$2:D934,D934,$H$2:H934,H934)=1,1,0),"") | J934: =IF(ISNUMBER(H934),IFERROR(INDEX(Calendrier!$C$2:$C$367,MATCH(H934,Calendrier!$A$2:$A$367,0)),0),"") | K934: =IF(ISNUMBER(H934),I934*J934,"") | L934: =IF(D934="","",IF(COUNTIF(Paramètres!$A$11:$A$40,D934)>0,1,0))
D935: =IF(B935="","",TRIM(B935)) | E935: =IF($C935="","",LEFT($C935,FIND(" ",$C935)-1)) | F935: =IF($C935="","",IFERROR(VALUE(LEFT(MID($C935,FIND(" ",$C935)+1,20),FIND(" ",MID($C935,FIND(" ",$C935)+1,20))-1)),"?")) | G935: =IF($C935="","",IFERROR(VALUE(MID(MID($C935,FIND(" ",$C935)+1,20),FIND(" ",MID($C935,FIND(" ",$C935)+1,20))+1,4)),"?")) | H935: =IF($C935="","",IFERROR(DATE(G935,VLOOKUP(E935,Paramètres!$K$11:$L$40,2,FALSE()),F935),"?")) | I935: =IF(ISNUMBER(H935),IF(COUNTIFS($D$2:D935,D935,$H$2:H935,H935)=1,1,0),"") | J935: =IF(ISNUMBER(H935),IFERROR(INDEX(Calendrier!$C$2:$C$367,MATCH(H935,Calendrier!$A$2:$A$367,0)),0),"") | K935: =IF(ISNUMBER(H935),I935*J935,"") | L935: =IF(D935="","",IF(COUNTIF(Paramètres!$A$11:$A$40,D935)>0,1,0))
... D3001: =IF(B3001="","",TRIM(B3001)) | E3001: =IF($C3001="","",LEFT($C3001,FIND(" ",$C3001)-1)) | F3001: =IF($C3001="","",IFERROR(VALUE(LEFT(MID($C3001,FIND(" ",$C3001)+1,20),FIND(" ",MID($C3001,FIND(" ",$C3001)+1,20))-1)),"?")) | G3001: =IF($C3001="","",IFERROR(VALUE(MID(MID($C3001,FIND(" ",$C3001)+1,20),FIND(" ",MID($C3001,FIND(" ",$C3001)+1,20))+1,4)),"?")) | H3001: =IF($C3001="","",IFERROR(DATE(G3001,VLOOKUP(E3001,Paramètres!$K$11:$L$40,2,FALSE()),F3001),"?")) | I3001: =IF(ISNUMBER(H3001),IF(COUNTIFS($D$2:D3001,D3001,$H$2:H3001,H3001)=1,1,0),"") | J3001: =IF(ISNUMBER(H3001),IFERROR(INDEX(Calendrier!$C$2:$C$367,MATCH(H3001,Calendrier!$A$2:$A$367,0)),0),"") | K3001: =IF(ISNUMBER(H3001),I3001*J3001,"") | L3001: =IF(D3001="","",IF(COUNTIF(Paramètres!$A$11:$A$40,D3001)>0,1,0))

Sheet Calcul
A1: CALCUL (ne pas modifier) — jours attendus, jours consultés et taux par responsable et par mois
A2: Dernier jour présent dans le journal | C2: =MAX(Journal!$H$2:$H$3001) -> 46294 | E2: JOURS OUVRÉS ATTENDUS | P2: JOURS CONSULTÉS (≥1 accès, dédoublonnés, jours ouvrés) | AC2: TAUX D'UTILISATION (cible direction) | AP2: TAUX AJUSTÉ AU RÔLE (cible individuelle)
A3: Mois avec données (1/0) | C3: =IF(C$4<=$C$2,1,0) -> 1 | D3: =IF(D$4<=$C$2,1,0) -> 1 | E3: =IF(E$4<=$C$2,1,0) -> 1 | F3: =IF(F$4<=$C$2,1,0) -> 1 | G3: =IF(G$4<=$C$2,1,0) -> 1 | H3: =IF(H$4<=$C$2,1,0) -> 1 | I3: =IF(I$4<=$C$2,1,0) -> 1 | J3: =IF(J$4<=$C$2,1,0) -> 1 | ... N3: =IF(N$4<=$C$2,1,0) -> 0
A4: Responsable | C4: =DATE(Paramètres!$B$8,1,1) -> 46023 | D4: =DATE(Paramètres!$B$8,2,1) -> 46054 | E4: =DATE(Paramètres!$B$8,3,1) -> 46082 | F4: =DATE(Paramètres!$B$8,4,1) -> 46113 | G4: =DATE(Paramètres!$B$8,5,1) -> 46143 | H4: =DATE(Paramètres!$B$8,6,1) -> 46174 | I4: =DATE(Paramètres!$B$8,7,1) -> 46204 | J4: =DATE(Paramètres!$B$8,8,1) -> 46235 | K4: =DATE(Paramètres!$B$8,9,1) -> 46266 | L4: =DATE(Paramètres!$B$8,10,1) -> 46296 | M4: =DATE(Paramètres!$B$8,11,1) -> 46327 | N4: =DATE(Paramètres!$B$8,12,1) -> 46357 | P4: =C$4 -> 46023 | Q4: =D$4 -> 46054 | R4: =E$4 -> 46082 | S4: =F$4 -> 46113 | T4: =G$4 -> 46143 | U4: =H$4 -> 46174 | V4: =I$4 -> 46204 | W4: =J$4 -> 46235 | ... AA4: =N$4 -> 46357 | AC4: =C$4 -> 46023 | AD4: =D$4 -> 46054 | AE4: =E$4 -> 46082 | AF4: =F$4 -> 46113 | AG4: =G$4 -> 46143 | AH4: =H$4 -> 46174 | AI4: =I$4 -> 46204 | AJ4: =J$4 -> 46235 | ... AN4: =N$4 -> 46357 | AP4: =C$4 -> 46023 | AQ4: =D$4 -> 46054 | AR4: =E$4 -> 46082 | AS4: =F$4 -> 46113 | AT4: =G$4 -> 46143 | AU4: =H$4 -> 46174 | AV4: =I$4 -> 46204 | AW4: =J$4 -> 46235 | ... BA4: =N$4 -> 46357 | BC4: Actif (mois sél.) | BD4: Taux (mois sél.) | BE4: Clé de tri | BF4: Rang
A5: =IF(Paramètres!A11="","",Paramètres!A11) -> Ahlem Moussa | C5: =IF(OR(Paramètres!$A11="",C$3=0),"",COUNTIFS(Calendrier!$A$2:$A$367,">="&MAX(Paramètres!$C11,C$4),Calendrier!$A$2:$A$367,"<="&IF(Paramètres!$D11="",EOMONTH(C$4,0),MIN(Paramètres!$D11,EOMONTH(C$4,0))),Calendrier!$C$2:$C$367,1)) -> 21 | D5: =IF(OR(Paramètres!$A11="",D$3=0),"",COUNTIFS(Calendrier!$A$2:$A$367,">="&MAX(Paramètres!$C11,D$4),Calendrier!$A$2:$A$367,"<="&IF(Paramètres!$D11="",EOMONTH(D$4,0),MIN(Paramètres!$D11,EOMONTH(D$4,0))),Calendrier!$C$2:$C$367,1)) -> 20 | E5: =IF(OR(Paramètres!$A11="",E$3=0),"",COUNTIFS(Calendrier!$A$2:$A$367,">="&MAX(Paramètres!$C11,E$4),Calendrier!$A$2:$A$367,"<="&IF(Paramètres!$D11="",EOMONTH(E$4,0),MIN(Paramètres!$D11,EOMONTH(E$4,0))),Calendrier!$C$2:$C$367,1)) -> 21 | F5: =IF(OR(Paramètres!$A11="",F$3=0),"",COUNTIFS(Calendrier!$A$2:$A$367,">="&MAX(Paramètres!$C11,F$4),Calendrier!$A$2:$A$367,"<="&IF(Paramètres!$D11="",EOMONTH(F$4,0),MIN(Paramètres!$D11,EOMONTH(F$4,0))),Calendrier!$C$2:$C$367,1)) -> 22 | G5: =IF(OR(Paramètres!$A11="",G$3=0),"",COUNTIFS(Calendrier!$A$2:$A$367,">="&MAX(Paramètres!$C11,G$4),Calendrier!$A$2:$A$367,"<="&IF(Paramètres!$D11="",EOMONTH(G$4,0),MIN(Paramètres!$D11,EOMONTH(G$4,0))),Calendrier!$C$2:$C$367,1)) -> 17 | H5: =IF(OR(Paramètres!$A11="",H$3=0),"",COUNTIFS(Calendrier!$A$2:$A$367,">="&MAX(Paramètres!$C11,H$4),Calendrier!$A$2:$A$367,"<="&IF(Paramètres!$D11="",EOMONTH(H$4,0),MIN(Paramètres!$D11,EOMONTH(H$4,0))),Calendrier!$C$2:$C$367,1)) -> 22 | I5: =IF(OR(Paramètres!$A11="",I$3=0),"",COUNTIFS(Calendrier!$A$2:$A$367,">="&MAX(Paramètres!$C11,I$4),Calendrier!$A$2:$A$367,"<="&IF(Paramètres!$D11="",EOMONTH(I$4,0),MIN(Paramètres!$D11,EOMONTH(I$4,0))),Calendrier!$C$2:$C$367,1)) -> 23 | J5: =IF(OR(Paramètres!$A11="",J$3=0),"",COUNTIFS(Calendrier!$A$2:$A$367,">="&MAX(Paramètres!$C11,J$4),Calendrier!$A$2:$A$367,"<="&IF(Paramètres!$D11="",EOMONTH(J$4,0),MIN(Paramètres!$D11,EOMONTH(J$4,0))),Calendrier!$C$2:$C$367,1)) -> 8 | ... N5: =IF(OR(Paramètres!$A11="",N$3=0),"",COUNTIFS(Calendrier!$A$2:$A$367,">="&MAX(Paramètres!$C11,N$4),Calendrier!$A$2:$A$367,"<="&IF(Paramètres!$D11="",EOMONTH(N$4,0),MIN(Paramètres!$D11,EOMONTH(N$4,0))),Calendrier!$C$2:$C$367,1)) | P5: =IF(OR(Paramètres!$A11="",C$3=0),"",COUNTIFS(Journal!$D$2:$D$3001,Paramètres!$A11,Journal!$H$2:$H$3001,">="&MAX(Paramètres!$C11,C$4),Journal!$H$2:$H$3001,"<="&IF(Paramètres!$D11="",EOMONTH(C$4,0),MIN(Paramètres!$D11,EOMONTH(C$4,0))),Journal!$K$2:$K$3001,1)) -> 16 | Q5: =IF(OR(Paramètres!$A11="",D$3=0),"",COUNTIFS(Journal!$D$2:$D$3001,Paramètres!$A11,Journal!$H$2:$H$3001,">="&MAX(Paramètres!$C11,D$4),Journal!$H$2:$H$3001,"<="&IF(Paramètres!$D11="",EOMONTH(D$4,0),MIN(Paramètres!$D11,EOMONTH(D$4,0))),Journal!$K$2:$K$3001,1)) -> 13 | R5: =IF(OR(Paramètres!$A11="",E$3=0),"",COUNTIFS(Journal!$D$2:$D$3001,Paramètres!$A11,Journal!$H$2:$H$3001,">="&MAX(Paramètres!$C11,E$4),Journal!$H$2:$H$3001,"<="&IF(Paramètres!$D11="",EOMONTH(E$4,0),MIN(Paramètres!$D11,EOMONTH(E$4,0))),Journal!$K$2:$K$3001,1)) -> 13 | S5: =IF(OR(Paramètres!$A11="",F$3=0),"",COUNTIFS(Journal!$D$2:$D$3001,Paramètres!$A11,Journal!$H$2:$H$3001,">="&MAX(Paramètres!$C11,F$4),Journal!$H$2:$H$3001,"<="&IF(Paramètres!$D11="",EOMONTH(F$4,0),MIN(Paramètres!$D11,EOMONTH(F$4,0))),Journal!$K$2:$K$3001,1)) -> 15 | T5: =IF(OR(Paramètres!$A11="",G$3=0),"",COUNTIFS(Journal!$D$2:$D$3001,Paramètres!$A11,Journal!$H$2:$H$3001,">="&MAX(Paramètres!$C11,G$4),Journal!$H$2:$H$3001,"<="&IF(Paramètres!$D11="",EOMONTH(G$4,0),MIN(Paramètres!$D11,EOMONTH(G$4,0))),Journal!$K$2:$K$3001,1)) -> 10 | U5: =IF(OR(Paramètres!$A11="",H$3=0),"",COUNTIFS(Journal!$D$2:$D$3001,Paramètres!$A11,Journal!$H$2:$H$3001,">="&MAX(Paramètres!$C11,H$4),Journal!$H$2:$H$3001,"<="&IF(Paramètres!$D11="",EOMONTH(H$4,0),MIN(Paramètres!$D11,EOMONTH(H$4,0))),Journal!$K$2:$K$3001,1)) -> 11 | V5: =IF(OR(Paramètres!$A11="",I$3=0),"",COUNTIFS(Journal!$D$2:$D$3001,Paramètres!$A11,Journal!$H$2:$H$3001,">="&MAX(Paramètres!$C11,I$4),Journal!$H$2:$H$3001,"<="&IF(Paramètres!$D11="",EOMONTH(I$4,0),MIN(Paramètres!$D11,EOMONTH(I$4,0))),Journal!$K$2:$K$3001,1)) -> 10 | W5: =IF(OR(Paramètres!$A11="",J$3=0),"",COUNTIFS(Journal!$D$2:$D$3001,Paramètres!$A11,Journal!$H$2:$H$3001,">="&MAX(Paramètres!$C11,J$4),Journal!$H$2:$H$3001,"<="&IF(Paramètres!$D11="",EOMONTH(J$4,0),MIN(Paramètres!$D11,EOMONTH(J$4,0))),Journal!$K$2:$K$3001,1)) -> 3 | ... AA5: =IF(OR(Paramètres!$A11="",N$3=0),"",COUNTIFS(Journal!$D$2:$D$3001,Paramètres!$A11,Journal!$H$2:$H$3001,">="&MAX(Paramètres!$C11,N$4),Journal!$H$2:$H$3001,"<="&IF(Paramètres!$D11="",EOMONTH(N$4,0),MIN(Paramètres!$D11,EOMONTH(N$4,0))),Journal!$K$2:$K$3001,1)) | AC5: =IF(C5="","",IF(C5=0,"",P5/C5)) -> 0.76190476 | AD5: =IF(D5="","",IF(D5=0,"",Q5/D5)) -> 0.65 | AE5: =IF(E5="","",IF(E5=0,"",R5/E5)) -> 0.61904762 | AF5: =IF(F5="","",IF(F5=0,"",S5/F5)) -> 0.68181818 | AG5: =IF(G5="","",IF(G5=0,"",T5/G5)) -> 0.58823529 | AH5: =IF(H5="","",IF(H5=0,"",U5/H5)) -> 0.5 | AI5: =IF(I5="","",IF(I5=0,"",V5/I5)) -> 0.43478261 | AJ5: =IF(J5="","",IF(J5=0,"",W5/J5)) -> 0.375 | ... AN5: =IF(N5="","",IF(N5=0,"",AA5/N5)) | AP5: =IF(C5="","",IF(C5=0,"",MIN(1,P5/MAX(1,ROUND(C5*Paramètres!$E11/5,0))))) -> 0.76190476 | AQ5: =IF(D5="","",IF(D5=0,"",MIN(1,Q5/MAX(1,ROUND(D5*Paramètres!$E11/5,0))))) -> 0.65 | AR5: =IF(E5="","",IF(E5=0,"",MIN(1,R5/MAX(1,ROUND(E5*Paramètres!$E11/5,0))))) -> 0.61904762 | AS5: =IF(F5="","",IF(F5=0,"",MIN(1,S5/MAX(1,ROUND(F5*Paramètres!$E11/5,0))))) -> 0.68181818 | AT5: =IF(G5="","",IF(G5=0,"",MIN(1,T5/MAX(1,ROUND(G5*Paramètres!$E11/5,0))))) -> 0.58823529 | AU5: =IF(H5="","",IF(H5=0,"",MIN(1,U5/MAX(1,ROUND(H5*Paramètres!$E11/5,0))))) -> 0.5 | AV5: =IF(I5="","",IF(I5=0,"",MIN(1,V5/MAX(1,ROUND(I5*Paramètres!$E11/5,0))))) -> 0.43478261 | AW5: =IF(J5="","",IF(J5=0,"",MIN(1,W5/MAX(1,ROUND(J5*Paramètres!$E11/5,0))))) -> 0.375 | ... BA5: =IF(N5="","",IF(N5=0,"",MIN(1,AA5/MAX(1,ROUND(N5*Paramètres!$E11/5,0))))) | BC5: =IF(N(INDEX($C5:$N5,$C$48))>0,1,0) -> 1 | BD5: =IF(BC5=1,INDEX($AC5:$AN5,$C$48),"") -> 0.59090909 | BE5: =IF(BC5=1,N(BD5)+ROW()/1000000,"") -> 0.59091409 | BF5: =IF(BC5=1,COUNTIF($BE$5:$BE$34,">"&BE5)+1,"") -> 1
A6: =IF(Paramètres!A12="","",Paramètres!A12) -> Amani Nasser | C6: =IF(OR(Paramètres!$A12="",C$3=0),"",COUNTIFS(Calendrier!$A$2:$A$367,">="&MAX(Paramètres!$C12,C$4),Calendrier!$A$2:$A$367,"<="&IF(Paramètres!$D12="",EOMONTH(C$4,0),MIN(Paramètres!$D12,EOMONTH(C$4,0))),Calendrier!$C$2:$C$367,1)) -> 21 | D6: =IF(OR(Paramètres!$A12="",D$3=0),"",COUNTIFS(Calendrier!$A$2:$A$367,">="&MAX(Paramètres!$C12,D$4),Calendrier!$A$2:$A$367,"<="&IF(Paramètres!$D12="",EOMONTH(D$4,0),MIN(Paramètres!$D12,EOMONTH(D$4,0))),Calendrier!$C$2:$C$367,1)) -> 20 | E6: =IF(OR(Paramètres!$A12="",E$3=0),"",COUNTIFS(Calendrier!$A$2:$A$367,">="&MAX(Paramètres!$C12,E$4),Calendrier!$A$2:$A$367,"<="&IF(Paramètres!$D12="",EOMONTH(E$4,0),MIN(Paramètres!$D12,EOMONTH(E$4,0))),Calendrier!$C$2:$C$367,1)) -> 21 | F6: =IF(OR(Paramètres!$A12="",F$3=0),"",COUNTIFS(Calendrier!$A$2:$A$367,">="&MAX(Paramètres!$C12,F$4),Calendrier!$A$2:$A$367,"<="&IF(Paramètres!$D12="",EOMONTH(F$4,0),MIN(Paramètres!$D12,EOMONTH(F$4,0))),Calendrier!$C$2:$C$367,1)) -> 22 | G6: =IF(OR(Paramètres!$A12="",G$3=0),"",COUNTIFS(Calendrier!$A$2:$A$367,">="&MAX(Paramètres!$C12,G$4),Calendrier!$A$2:$A$367,"<="&IF(Paramètres!$D12="",EOMONTH(G$4,0),MIN(Paramètres!$D12,EOMONTH(G$4,0))),Calendrier!$C$2:$C$367,1)) -> 0 | H6: =IF(OR(Paramètres!$A12="",H$3=0),"",COUNTIFS(Calendrier!$A$2:$A$367,">="&MAX(Paramètres!$C12,H$4),Calendrier!$A$2:$A$367,"<="&IF(Paramètres!$D12="",EOMONTH(H$4,0),MIN(Paramètres!$D12,EOMONTH(H$4,0))),Calendrier!$C$2:$C$367,1)) -> 0 | I6: =IF(OR(Paramètres!$A12="",I$3=0),"",COUNTIFS(Calendrier!$A$2:$A$367,">="&MAX(Paramètres!$C12,I$4),Calendrier!$A$2:$A$367,"<="&IF(Paramètres!$D12="",EOMONTH(I$4,0),MIN(Paramètres!$D12,EOMONTH(I$4,0))),Calendrier!$C$2:$C$367,1)) -> 0 | J6: =IF(OR(Paramètres!$A12="",J$3=0),"",COUNTIFS(Calendrier!$A$2:$A$367,">="&MAX(Paramètres!$C12,J$4),Calendrier!$A$2:$A$367,"<="&IF(Paramètres!$D12="",EOMONTH(J$4,0),MIN(Paramètres!$D12,EOMONTH(J$4,0))),Calendrier!$C$2:$C$367,1)) -> 0 | ... N6: =IF(OR(Paramètres!$A12="",N$3=0),"",COUNTIFS(Calendrier!$A$2:$A$367,">="&MAX(Paramètres!$C12,N$4),Calendrier!$A$2:$A$367,"<="&IF(Paramètres!$D12="",EOMONTH(N$4,0),MIN(Paramètres!$D12,EOMONTH(N$4,0))),Calendrier!$C$2:$C$367,1)) | P6: =IF(OR(Paramètres!$A12="",C$3=0),"",COUNTIFS(Journal!$D$2:$D$3001,Paramètres!$A12,Journal!$H$2:$H$3001,">="&MAX(Paramètres!$C12,C$4),Journal!$H$2:$H$3001,"<="&IF(Paramètres!$D12="",EOMONTH(C$4,0),MIN(Paramètres!$D12,EOMONTH(C$4,0))),Journal!$K$2:$K$3001,1)) -> 2 | Q6: =IF(OR(Paramètres!$A12="",D$3=0),"",COUNTIFS(Journal!$D$2:$D$3001,Paramètres!$A12,Journal!$H$2:$H$3001,">="&MAX(Paramètres!$C12,D$4),Journal!$H$2:$H$3001,"<="&IF(Paramètres!$D12="",EOMONTH(D$4,0),MIN(Paramètres!$D12,EOMONTH(D$4,0))),Journal!$K$2:$K$3001,1)) -> 4 | R6: =IF(OR(Paramètres!$A12="",E$3=0),"",COUNTIFS(Journal!$D$2:$D$3001,Paramètres!$A12,Journal!$H$2:$H$3001,">="&MAX(Paramètres!$C12,E$4),Journal!$H$2:$H$3001,"<="&IF(Paramètres!$D12="",EOMONTH(E$4,0),MIN(Paramètres!$D12,EOMONTH(E$4,0))),Journal!$K$2:$K$3001,1)) -> 1 | S6: =IF(OR(Paramètres!$A12="",F$3=0),"",COUNTIFS(Journal!$D$2:$D$3001,Paramètres!$A12,Journal!$H$2:$H$3001,">="&MAX(Paramètres!$C12,F$4),Journal!$H$2:$H$3001,"<="&IF(Paramètres!$D12="",EOMONTH(F$4,0),MIN(Paramètres!$D12,EOMONTH(F$4,0))),Journal!$K$2:$K$3001,1)) -> 1 | T6: =IF(OR(Paramètres!$A12="",G$3=0),"",COUNTIFS(Journal!$D$2:$D$3001,Paramètres!$A12,Journal!$H$2:$H$3001,">="&MAX(Paramètres!$C12,G$4),Journal!$H$2:$H$3001,"<="&IF(Paramètres!$D12="",EOMONTH(G$4,0),MIN(Paramètres!$D12,EOMONTH(G$4,0))),Journal!$K$2:$K$3001,1)) -> 0 | U6: =IF(OR(Paramètres!$A12="",H$3=0),"",COUNTIFS(Journal!$D$2:$D$3001,Paramètres!$A12,Journal!$H$2:$H$3001,">="&MAX(Paramètres!$C12,H$4),Journal!$H$2:$H$3001,"<="&IF(Paramètres!$D12="",EOMONTH(H$4,0),MIN(Paramètres!$D12,EOMONTH(H$4,0))),Journal!$K$2:$K$3001,1)) -> 0 | V6: =IF(OR(Paramètres!$A12="",I$3=0),"",COUNTIFS(Journal!$D$2:$D$3001,Paramètres!$A12,Journal!$H$2:$H$3001,">="&MAX(Paramètres!$C12,I$4),Journal!$H$2:$H$3001,"<="&IF(Paramètres!$D12="",EOMONTH(I$4,0),MIN(Paramètres!$D12,EOMONTH(I$4,0))),Journal!$K$2:$K$3001,1)) -> 0 | W6: =IF(OR(Paramètres!$A12="",J$3=0),"",COUNTIFS(Journal!$D$2:$D$3001,Paramètres!$A12,Journal!$H$2:$H$3001,">="&MAX(Paramètres!$C12,J$4),Journal!$H$2:$H$3001,"<="&IF(Paramètres!$D12="",EOMONTH(J$4,0),MIN(Paramètres!$D12,EOMONTH(J$4,0))),Journal!$K$2:$K$3001,1)) -> 0 | ... AA6: =IF(OR(Paramètres!$A12="",N$3=0),"",COUNTIFS(Journal!$D$2:$D$3001,Paramètres!$A12,Journal!$H$2:$H$3001,">="&MAX(Paramètres!$C12,N$4),Journal!$H$2:$H$3001,"<="&IF(Paramètres!$D12="",EOMONTH(N$4,0),MIN(Paramètres!$D12,EOMONTH(N$4,0))),Journal!$K$2:$K$3001,1)) | AC6: =IF(C6="","",IF(C6=0,"",P6/C6)) -> 0.095238095 | AD6: =IF(D6="","",IF(D6=0,"",Q6/D6)) -> 0.2 | AE6: =IF(E6="","",IF(E6=0,"",R6/E6)) -> 0.047619048 | AF6: =IF(F6="","",IF(F6=0,"",S6/F6)) -> 0.045454545 | AG6: =IF(G6="","",IF(G6=0,"",T6/G6)) | AH6: =IF(H6="","",IF(H6=0,"",U6/H6)) | AI6: =IF(I6="","",IF(I6=0,"",V6/I6)) | AJ6: =IF(J6="","",IF(J6=0,"",W6/J6)) | ... AN6: =IF(N6="","",IF(N6=0,"",AA6/N6)) | AP6: =IF(C6="","",IF(C6=0,"",MIN(1,P6/MAX(1,ROUND(C6*Paramètres!$E12/5,0))))) -> 0.095238095 | AQ6: =IF(D6="","",IF(D6=0,"",MIN(1,Q6/MAX(1,ROUND(D6*Paramètres!$E12/5,0))))) -> 0.2 | AR6: =IF(E6="","",IF(E6=0,"",MIN(1,R6/MAX(1,ROUND(E6*Paramètres!$E12/5,0))))) -> 0.047619048 | AS6: =IF(F6="","",IF(F6=0,"",MIN(1,S6/MAX(1,ROUND(F6*Paramètres!$E12/5,0))))) -> 0.045454545 | AT6: =IF(G6="","",IF(G6=0,"",MIN(1,T6/MAX(1,ROUND(G6*Paramètres!$E12/5,0))))) | AU6: =IF(H6="","",IF(H6=0,"",MIN(1,U6/MAX(1,ROUND(H6*Paramètres!$E12/5,0))))) | AV6: =IF(I6="","",IF(I6=0,"",MIN(1,V6/MAX(1,ROUND(I6*Paramètres!$E12/5,0))))) | AW6: =IF(J6="","",IF(J6=0,"",MIN(1,W6/MAX(1,ROUND(J6*Paramètres!$E12/5,0))))) | ... BA6: =IF(N6="","",IF(N6=0,"",MIN(1,AA6/MAX(1,ROUND(N6*Paramètres!$E12/5,0))))) | BC6: =IF(N(INDEX($C6:$N6,$C$48))>0,1,0) -> 0 | BD6: =IF(BC6=1,INDEX($AC6:$AN6,$C$48),"") | BE6: =IF(BC6=1,N(BD6)+ROW()/1000000,"") | BF6: =IF(BC6=1,COUNTIF($BE$5:$BE$34,">"&BE6)+1,"")
A7: =IF(Paramètres!A13="","",Paramètres!A13) -> Amine Latrech | C7: =IF(OR(Paramètres!$A13="",C$3=0),"",COUNTIFS(Calendrier!$A$2:$A$367,">="&MAX(Paramètres!$C13,C$4),Calendrier!$A$2:$A$367,"<="&IF(Paramètres!$D13="",EOMONTH(C$4,0),MIN(Paramètres!$D13,EOMONTH(C$4,0))),Calendrier!$C$2:$C$367,1)) -> 21 | D7: =IF(OR(Paramètres!$A13="",D$3=0),"",COUNTIFS(Calendrier!$A$2:$A$367,">="&MAX(Paramètres!$C13,D$4),Calendrier!$A$2:$A$367,"<="&IF(Paramètres!$D13="",EOMONTH(D$4,0),MIN(Paramètres!$D13,EOMONTH(D$4,0))),Calendrier!$C$2:$C$367,1)) -> 20 | E7: =IF(OR(Paramètres!$A13="",E$3=0),"",COUNTIFS(Calendrier!$A$2:$A$367,">="&MAX(Paramètres!$C13,E$4),Calendrier!$A$2:$A$367,"<="&IF(Paramètres!$D13="",EOMONTH(E$4,0),MIN(Paramètres!$D13,EOMONTH(E$4,0))),Calendrier!$C$2:$C$367,1)) -> 21 | F7: =IF(OR(Paramètres!$A13="",F$3=0),"",COUNTIFS(Calendrier!$A$2:$A$367,">="&MAX(Paramètres!$C13,F$4),Calendrier!$A$2:$A$367,"<="&IF(Paramètres!$D13="",EOMONTH(F$4,0),MIN(Paramètres!$D13,EOMONTH(F$4,0))),Calendrier!$C$2:$C$367,1)) -> 22 | G7: =IF(OR(Paramètres!$A13="",G$3=0),"",COUNTIFS(Calendrier!$A$2:$A$367,">="&MAX(Paramètres!$C13,G$4),Calendrier!$A$2:$A$367,"<="&IF(Paramètres!$D13="",EOMONTH(G$4,0),MIN(Paramètres!$D13,EOMONTH(G$4,0))),Calendrier!$C$2:$C$367,1)) -> 17 | H7: =IF(OR(Paramètres!$A13="",H$3=0),"",COUNTIFS(Calendrier!$A$2:$A$367,">="&MAX(Paramètres!$C13,H$4),Calendrier!$A$2:$A$367,"<="&IF(Paramètres!$D13="",EOMONTH(H$4,0),MIN(Paramètres!$D13,EOMONTH(H$4,0))),Calendrier!$C$2:$C$367,1)) -> 22 | I7: =IF(OR(Paramètres!$A13="",I$3=0),"",COUNTIFS(Calendrier!$A$2:$A$367,">="&MAX(Paramètres!$C13,I$4),Calendrier!$A$2:$A$367,"<="&IF(Paramètres!$D13="",EOMONTH(I$4,0),MIN(Paramètres!$D13,EOMONTH(I$4,0))),Calendrier!$C$2:$C$367,1)) -> 23 | J7: =IF(OR(Paramètres!$A13="",J$3=0),"",COUNTIFS(Calendrier!$A$2:$A$367,">="&MAX(Paramètres!$C13,J$4),Calendrier!$A$2:$A$367,"<="&IF(Paramètres!$D13="",EOMONTH(J$4,0),MIN(Paramètres!$D13,EOMONTH(J$4,0))),Calendrier!$C$2:$C$367,1)) -> 8 | ... N7: =IF(OR(Paramètres!$A13="",N$3=0),"",COUNTIFS(Calendrier!$A$2:$A$367,">="&MAX(Paramètres!$C13,N$4),Calendrier!$A$2:$A$367,"<="&IF(Paramètres!$D13="",EOMONTH(N$4,0),MIN(Paramètres!$D13,EOMONTH(N$4,0))),Calendrier!$C$2:$C$367,1)) | P7: =IF(OR(Paramètres!$A13="",C$3=0),"",COUNTIFS(Journal!$D$2:$D$3001,Paramètres!$A13,Journal!$H$2:$H$3001,">="&MAX(Paramètres!$C13,C$4),Journal!$H$2:$H$3001,"<="&IF(Paramètres!$D13="",EOMONTH(C$4,0),MIN(Paramètres!$D13,EOMONTH(C$4,0))),Journal!$K$2:$K$3001,1)) -> 4 | Q7: =IF(OR(Paramètres!$A13="",D$3=0),"",COUNTIFS(Journal!$D$2:$D$3001,Paramètres!$A13,Journal!$H$2:$H$3001,">="&MAX(Paramètres!$C13,D$4),Journal!$H$2:$H$3001,"<="&IF(Paramètres!$D13="",EOMONTH(D$4,0),MIN(Paramètres!$D13,EOMONTH(D$4,0))),Journal!$K$2:$K$3001,1)) -> 4 | R7: =IF(OR(Paramètres!$A13="",E$3=0),"",COUNTIFS(Journal!$D$2:$D$3001,Paramètres!$A13,Journal!$H$2:$H$3001,">="&MAX(Paramètres!$C13,E$4),Journal!$H$2:$H$3001,"<="&IF(Paramètres!$D13="",EOMONTH(E$4,0),MIN(Paramètres!$D13,EOMONTH(E$4,0))),Journal!$K$2:$K$3001,1)) -> 1 | S7: =IF(OR(Paramètres!$A13="",F$3=0),"",COUNTIFS(Journal!$D$2:$D$3001,Paramètres!$A13,Journal!$H$2:$H$3001,">="&MAX(Paramètres!$C13,F$4),Journal!$H$2:$H$3001,"<="&IF(Paramètres!$D13="",EOMONTH(F$4,0),MIN(Paramètres!$D13,EOMONTH(F$4,0))),Journal!$K$2:$K$3001,1)) -> 4 | T7: =IF(OR(Paramètres!$A13="",G$3=0),"",COUNTIFS(Journal!$D$2:$D$3001,Paramètres!$A13,Journal!$H$2:$H$3001,">="&MAX(Paramètres!$C13,G$4),Journal!$H$2:$H$3001,"<="&IF(Paramètres!$D13="",EOMONTH(G$4,0),MIN(Paramètres!$D13,EOMONTH(G$4,0))),Journal!$K$2:$K$3001,1)) -> 4 | U7: =IF(OR(Paramètres!$A13="",H$3=0),"",COUNTIFS(Journal!$D$2:$D$3001,Paramètres!$A13,Journal!$H$2:$H$3001,">="&MAX(Paramètres!$C13,H$4),Journal!$H$2:$H$3001,"<="&IF(Paramètres!$D13="",EOMONTH(H$4,0),MIN(Paramètres!$D13,EOMONTH(H$4,0))),Journal!$K$2:$K$3001,1)) -> 5 | V7: =IF(OR(Paramètres!$A13="",I$3=0),"",COUNTIFS(Journal!$D$2:$D$3001,Paramètres!$A13,Journal!$H$2:$H$3001,">="&MAX(Paramètres!$C13,I$4),Journal!$H$2:$H$3001,"<="&IF(Paramètres!$D13="",EOMONTH(I$4,0),MIN(Paramètres!$D13,EOMONTH(I$4,0))),Journal!$K$2:$K$3001,1)) -> 2 | W7: =IF(OR(Paramètres!$A13="",J$3=0),"",COUNTIFS(Journal!$D$2:$D$3001,Paramètres!$A13,Journal!$H$2:$H$3001,">="&MAX(Paramètres!$C13,J$4),Journal!$H$2:$H$3001,"<="&IF(Paramètres!$D13="",EOMONTH(J$4,0),MIN(Paramètres!$D13,EOMONTH(J$4,0))),Journal!$K$2:$K$3001,1)) -> 0 | ... AA7: =IF(OR(Paramètres!$A13="",N$3=0),"",COUNTIFS(Journal!$D$2:$D$3001,Paramètres!$A13,Journal!$H$2:$H$3001,">="&MAX(Paramètres!$C13,N$4),Journal!$H$2:$H$3001,"<="&IF(Paramètres!$D13="",EOMONTH(N$4,0),MIN(Paramètres!$D13,EOMONTH(N$4,0))),Journal!$K$2:$K$3001,1)) | AC7: =IF(C7="","",IF(C7=0,"",P7/C7)) -> 0.19047619 | AD7: =IF(D7="","",IF(D7=0,"",Q7/D7)) -> 0.2 | AE7: =IF(E7="","",IF(E7=0,"",R7/E7)) -> 0.047619048 | AF7: =IF(F7="","",IF(F7=0,"",S7/F7)) -> 0.18181818 | AG7: =IF(G7="","",IF(G7=0,"",T7/G7)) -> 0.23529412 | AH7: =IF(H7="","",IF(H7=0,"",U7/H7)) -> 0.22727273 | AI7: =IF(I7="","",IF(I7=0,"",V7/I7)) -> 0.086956522 | AJ7: =IF(J7="","",IF(J7=0,"",W7/J7)) -> 0 | ... AN7: =IF(N7="","",IF(N7=0,"",AA7/N7)) | AP7: =IF(C7="","",IF(C7=0,"",MIN(1,P7/MAX(1,ROUND(C7*Paramètres!$E13/5,0))))) -> 0.19047619 | AQ7: =IF(D7="","",IF(D7=0,"",MIN(1,Q7/MAX(1,ROUND(D7*Paramètres!$E13/5,0))))) -> 0.2 | AR7: =IF(E7="","",IF(E7=0,"",MIN(1,R7/MAX(1,ROUND(E7*Paramètres!$E13/5,0))))) -> 0.047619048 | AS7: =IF(F7="","",IF(F7=0,"",MIN(1,S7/MAX(1,ROUND(F7*Paramètres!$E13/5,0))))) -> 0.18181818 | AT7: =IF(G7="","",IF(G7=0,"",MIN(1,T7/MAX(1,ROUND(G7*Paramètres!$E13/5,0))))) -> 0.23529412 | AU7: =IF(H7="","",IF(H7=0,"",MIN(1,U7/MAX(1,ROUND(H7*Paramètres!$E13/5,0))))) -> 0.22727273 | AV7: =IF(I7="","",IF(I7=0,"",MIN(1,V7/MAX(1,ROUND(I7*Paramètres!$E13/5,0))))) -> 0.086956522 | AW7: =IF(J7="","",IF(J7=0,"",MIN(1,W7/MAX(1,ROUND(J7*Paramètres!$E13/5,0))))) -> 0 | ... BA7: =IF(N7="","",IF(N7=0,"",MIN(1,AA7/MAX(1,ROUND(N7*Paramètres!$E13/5,0))))) | BC7: =IF(N(INDEX($C7:$N7,$C$48))>0,1,0) -> 1 | BD7: =IF(BC7=1,INDEX($AC7:$AN7,$C$48),"") -> 0 | BE7: =IF(BC7=1,N(BD7)+ROW()/1000000,"") -> 7e-06 | BF7: =IF(BC7=1,COUNTIF($BE$5:$BE$34,">"&BE7)+1,"") -> 15
A8: =IF(Paramètres!A14="","",Paramètres!A14) -> Chaima Jdid | C8: =IF(OR(Paramètres!$A14="",C$3=0),"",COUNTIFS(Calendrier!$A$2:$A$367,">="&MAX(Paramètres!$C14,C$4),Calendrier!$A$2:$A$367,"<="&IF(Paramètres!$D14="",EOMONTH(C$4,0),MIN(Paramètres!$D14,EOMONTH(C$4,0))),Calendrier!$C$2:$C$367,1)) -> 0 | D8: =IF(OR(Paramètres!$A14="",D$3=0),"",COUNTIFS(Calendrier!$A$2:$A$367,">="&MAX(Paramètres!$C14,D$4),Calendrier!$A$2:$A$367,"<="&IF(Paramètres!$D14="",EOMONTH(D$4,0),MIN(Paramètres!$D14,EOMONTH(D$4,0))),Calendrier!$C$2:$C$367,1)) -> 0 | E8: =IF(OR(Paramètres!$A14="",E$3=0),"",COUNTIFS(Calendrier!$A$2:$A$367,">="&MAX(Paramètres!$C14,E$4),Calendrier!$A$2:$A$367,"<="&IF(Paramètres!$D14="",EOMONTH(E$4,0),MIN(Paramètres!$D14,EOMONTH(E$4,0))),Calendrier!$C$2:$C$367,1)) -> 0 | F8: =IF(OR(Paramètres!$A14="",F$3=0),"",COUNTIFS(Calendrier!$A$2:$A$367,">="&MAX(Paramètres!$C14,F$4),Calendrier!$A$2:$A$367,"<="&IF(Paramètres!$D14="",EOMONTH(F$4,0),MIN(Paramètres!$D14,EOMONTH(F$4,0))),Calendrier!$C$2:$C$367,1)) -> 0 | G8: =IF(OR(Paramètres!$A14="",G$3=0),"",COUNTIFS(Calendrier!$A$2:$A$367,">="&MAX(Paramètres!$C14,G$4),Calendrier!$A$2:$A$367,"<="&IF(Paramètres!$D14="",EOMONTH(G$4,0),MIN(Paramètres!$D14,EOMONTH(G$4,0))),Calendrier!$C$2:$C$367,1)) -> 0 | H8: =IF(OR(Paramètres!$A14="",H$3=0),"",COUNTIFS(Calendrier!$A$2:$A$367,">="&MAX(Paramètres!$C14,H$4),Calendrier!$A$2:$A$367,"<="&IF(Paramètres!$D14="",EOMONTH(H$4,0),MIN(Paramètres!$D14,EOMONTH(H$4,0))),Calendrier!$C$2:$C$367,1)) -> 0 | I8: =IF(OR(Paramètres!$A14="",I$3=0),"",COUNTIFS(Calendrier!$A$2:$A$367,">="&MAX(Paramètres!$C14,I$4),Calendrier!$A$2:$A$367,"<="&IF(Paramètres!$D14="",EOMONTH(I$4,0),MIN(Paramètres!$D14,EOMONTH(I$4,0))),Calendrier!$C$2:$C$367,1)) -> 23 | J8: =IF(OR(Paramètres!$A14="",J$3=0),"",COUNTIFS(Calendrier!$A$2:$A$367,">="&MAX(Paramètres!$C14,J$4),Calendrier!$A$2:$A$367,"<="&IF(Paramètres!$D14="",EOMONTH(J$4,0),MIN(Paramètres!$D14,EOMONTH(J$4,0))),Calendrier!$C$2:$C$367,1)) -> 8 | ... N8: =IF(OR(Paramètres!$A14="",N$3=0),"",COUNTIFS(Calendrier!$A$2:$A$367,">="&MAX(Paramètres!$C14,N$4),Calendrier!$A$2:$A$367,"<="&IF(Paramètres!$D14="",EOMONTH(N$4,0),MIN(Paramètres!$D14,EOMONTH(N$4,0))),Calendrier!$C$2:$C$367,1)) | P8: =IF(OR(Paramètres!$A14="",C$3=0),"",COUNTIFS(Journal!$D$2:$D$3001,Paramètres!$A14,Journal!$H$2:$H$3001,">="&MAX(Paramètres!$C14,C$4),Journal!$H$2:$H$3001,"<="&IF(Paramètres!$D14="",EOMONTH(C$4,0),MIN(Paramètres!$D14,EOMONTH(C$4,0))),Journal!$K$2:$K$3001,1)) -> 0 | Q8: =IF(OR(Paramètres!$A14="",D$3=0),"",COUNTIFS(Journal!$D$2:$D$3001,Paramètres!$A14,Journal!$H$2:$H$3001,">="&MAX(Paramètres!$C14,D$4),Journal!$H$2:$H$3001,"<="&IF(Paramètres!$D14="",EOMONTH(D$4,0),MIN(Paramètres!$D14,EOMONTH(D$4,0))),Journal!$K$2:$K$3001,1)) -> 0 | R8: =IF(OR(Paramètres!$A14="",E$3=0),"",COUNTIFS(Journal!$D$2:$D$3001,Paramètres!$A14,Journal!$H$2:$H$3001,">="&MAX(Paramètres!$C14,E$4),Journal!$H$2:$H$3001,"<="&IF(Paramètres!$D14="",EOMONTH(E$4,0),MIN(Paramètres!$D14,EOMONTH(E$4,0))),Journal!$K$2:$K$3001,1)) -> 0 | S8: =IF(OR(Paramètres!$A14="",F$3=0),"",COUNTIFS(Journal!$D$2:$D$3001,Paramètres!$A14,Journal!$H$2:$H$3001,">="&MAX(Paramètres!$C14,F$4),Journal!$H$2:$H$3001,"<="&IF(Paramètres!$D14="",EOMONTH(F$4,0),MIN(Paramètres!$D14,EOMONTH(F$4,0))),Journal!$K$2:$K$3001,1)) -> 0 | T8: =IF(OR(Paramètres!$A14="",G$3=0),"",COUNTIFS(Journal!$D$2:$D$3001,Paramètres!$A14,Journal!$H$2:$H$3001,">="&MAX(Paramètres!$C14,G$4),Journal!$H$2:$H$3001,"<="&IF(Paramètres!$D14="",EOMONTH(G$4,0),MIN(Paramètres!$D14,EOMONTH(G$4,0))),Journal!$K$2:$K$3001,1)) -> 0 | U8: =IF(OR(Paramètres!$A14="",H$3=0),"",COUNTIFS(Journal!$D$2:$D$3001,Paramètres!$A14,Journal!$H$2:$H$3001,">="&MAX(Paramètres!$C14,H$4),Journal!$H$2:$H$3001,"<="&IF(Paramètres!$D14="",EOMONTH(H$4,0),MIN(Paramètres!$D14,EOMONTH(H$4,0))),Journal!$K$2:$K$3001,1)) -> 0 | V8: =IF(OR(Paramètres!$A14="",I$3=0),"",COUNTIFS(Journal!$D$2:$D$3001,Paramètres!$A14,Journal!$H$2:$H$3001,">="&MAX(Paramètres!$C14,I$4),Journal!$H$2:$H$3001,"<="&IF(Paramètres!$D14="",EOMONTH(I$4,0),MIN(Paramètres!$D14,EOMONTH(I$4,0))),Journal!$K$2:$K$3001,1)) -> 7 | W8: =IF(OR(Paramètres!$A14="",J$3=0),"",COUNTIFS(Journal!$D$2:$D$3001,Paramètres!$A14,Journal!$H$2:$H$3001,">="&MAX(Paramètres!$C14,J$4),Journal!$H$2:$H$3001,"<="&IF(Paramètres!$D14="",EOMONTH(J$4,0),MIN(Paramètres!$D14,EOMONTH(J$4,0))),Journal!$K$2:$K$3001,1)) -> 4 | ... AA8: =IF(OR(Paramètres!$A14="",N$3=0),"",COUNTIFS(Journal!$D$2:$D$3001,Paramètres!$A14,Journal!$H$2:$H$3001,">="&MAX(Paramètres!$C14,N$4),Journal!$H$2:$H$3001,"<="&IF(Paramètres!$D14="",EOMONTH(N$4,0),MIN(Paramètres!$D14,EOMONTH(N$4,0))),Journal!$K$2:$K$3001,1)) | AC8: =IF(C8="","",IF(C8=0,"",P8/C8)) | AD8: =IF(D8="","",IF(D8=0,"",Q8/D8)) | AE8: =IF(E8="","",IF(E8=0,"",R8/E8)) | AF8: =IF(F8="","",IF(F8=0,"",S8/F8)) | AG8: =IF(G8="","",IF(G8=0,"",T8/G8)) | AH8: =IF(H8="","",IF(H8=0,"",U8/H8)) | AI8: =IF(I8="","",IF(I8=0,"",V8/I8)) -> 0.30434783 | AJ8: =IF(J8="","",IF(J8=0,"",W8/J8)) -> 0.5 | ... AN8: =IF(N8="","",IF(N8=0,"",AA8/N8)) | AP8: =IF(C8="","",IF(C8=0,"",MIN(1,P8/MAX(1,ROUND(C8*Paramètres!$E14/5,0))))) | AQ8: =IF(D8="","",IF(D8=0,"",MIN(1,Q8/MAX(1,ROUND(D8*Paramètres!$E14/5,0))))) | AR8: =IF(E8="","",IF(E8=0,"",MIN(1,R8/MAX(1,ROUND(E8*Paramètres!$E14/5,0))))) | AS8: =IF(F8="","",IF(F8=0,"",MIN(1,S8/MAX(1,ROUND(F8*Paramètres!$E14/5,0))))) | AT8: =IF(G8="","",IF(G8=0,"",MIN(1,T8/MAX(1,ROUND(G8*Paramètres!$E14/5,0))))) | AU8: =IF(H8="","",IF(H8=0,"",MIN(1,U8/MAX(1,ROUND(H8*Paramètres!$E14/5,0))))) | AV8: =IF(I8="","",IF(I8=0,"",MIN(1,V8/MAX(1,ROUND(I8*Paramètres!$E14/5,0))))) -> 0.30434783 | AW8: =IF(J8="","",IF(J8=0,"",MIN(1,W8/MAX(1,ROUND(J8*Paramètres!$E14/5,0))))) -> 0.5 | ... BA8: =IF(N8="","",IF(N8=0,"",MIN(1,AA8/MAX(1,ROUND(N8*Paramètres!$E14/5,0))))) | BC8: =IF(N(INDEX($C8:$N8,$C$48))>0,1,0) -> 1 | BD8: =IF(BC8=1,INDEX($AC8:$AN8,$C$48),"") -> 0.31818182 | BE8: =IF(BC8=1,N(BD8)+ROW()/1000000,"") -> 0.31818982 | BF8: =IF(BC8=1,COUNTIF($BE$5:$BE$34,">"&BE8)+1,"") -> 4
A9: =IF(Paramètres!A15="","",Paramètres!A15) -> Imre Kapusi | C9: =IF(OR(Paramètres!$A15="",C$3=0),"",COUNTIFS(Calendrier!$A$2:$A$367,">="&MAX(Paramètres!$C15,C$4),Calendrier!$A$2:$A$367,"<="&IF(Paramètres!$D15="",EOMONTH(C$4,0),MIN(Paramètres!$D15,EOMONTH(C$4,0))),Calendrier!$C$2:$C$367,1)) -> 21 | D9: =IF(OR(Paramètres!$A15="",D$3=0),"",COUNTIFS(Calendrier!$A$2:$A$367,">="&MAX(Paramètres!$C15,D$4),Calendrier!$A$2:$A$367,"<="&IF(Paramètres!$D15="",EOMONTH(D$4,0),MIN(Paramètres!$D15,EOMONTH(D$4,0))),Calendrier!$C$2:$C$367,1)) -> 20 | E9: =IF(OR(Paramètres!$A15="",E$3=0),"",COUNTIFS(Calendrier!$A$2:$A$367,">="&MAX(Paramètres!$C15,E$4),Calendrier!$A$2:$A$367,"<="&IF(Paramètres!$D15="",EOMONTH(E$4,0),MIN(Paramètres!$D15,EOMONTH(E$4,0))),Calendrier!$C$2:$C$367,1)) -> 21 | F9: =IF(OR(Paramètres!$A15="",F$3=0),"",COUNTIFS(Calendrier!$A$2:$A$367,">="&MAX(Paramètres!$C15,F$4),Calendrier!$A$2:$A$367,"<="&IF(Paramètres!$D15="",EOMONTH(F$4,0),MIN(Paramètres!$D15,EOMONTH(F$4,0))),Calendrier!$C$2:$C$367,1)) -> 22 | G9: =IF(OR(Paramètres!$A15="",G$3=0),"",COUNTIFS(Calendrier!$A$2:$A$367,">="&MAX(Paramètres!$C15,G$4),Calendrier!$A$2:$A$367,"<="&IF(Paramètres!$D15="",EOMONTH(G$4,0),MIN(Paramètres!$D15,EOMONTH(G$4,0))),Calendrier!$C$2:$C$367,1)) -> 17 | H9: =IF(OR(Paramètres!$A15="",H$3=0),"",COUNTIFS(Calendrier!$A$2:$A$367,">="&MAX(Paramètres!$C15,H$4),Calendrier!$A$2:$A$367,"<="&IF(Paramètres!$D15="",EOMONTH(H$4,0),MIN(Paramètres!$D15,EOMONTH(H$4,0))),Calendrier!$C$2:$C$367,1)) -> 22 | I9: =IF(OR(Paramètres!$A15="",I$3=0),"",COUNTIFS(Calendrier!$A$2:$A$367,">="&MAX(Paramètres!$C15,I$4),Calendrier!$A$2:$A$367,"<="&IF(Paramètres!$D15="",EOMONTH(I$4,0),MIN(Paramètres!$D15,EOMONTH(I$4,0))),Calendrier!$C$2:$C$367,1)) -> 23 | J9: =IF(OR(Paramètres!$A15="",J$3=0),"",COUNTIFS(Calendrier!$A$2:$A$367,">="&MAX(Paramètres!$C15,J$4),Calendrier!$A$2:$A$367,"<="&IF(Paramètres!$D15="",EOMONTH(J$4,0),MIN(Paramètres!$D15,EOMONTH(J$4,0))),Calendrier!$C$2:$C$367,1)) -> 8 | ... N9: =IF(OR(Paramètres!$A15="",N$3=0),"",COUNTIFS(Calendrier!$A$2:$A$367,">="&MAX(Paramètres!$C15,N$4),Calendrier!$A$2:$A$367,"<="&IF(Paramètres!$D15="",EOMONTH(N$4,0),MIN(Paramètres!$D15,EOMONTH(N$4,0))),Calendrier!$C$2:$C$367,1)) | P9: =IF(OR(Paramètres!$A15="",C$3=0),"",COUNTIFS(Journal!$D$2:$D$3001,Paramètres!$A15,Journal!$H$2:$H$3001,">="&MAX(Paramètres!$C15,C$4),Journal!$H$2:$H$3001,"<="&IF(Paramètres!$D15="",EOMONTH(C$4,0),MIN(Paramètres!$D15,EOMONTH(C$4,0))),Journal!$K$2:$K$3001,1)) -> 8 | Q9: =IF(OR(Paramètres!$A15="",D$3=0),"",COUNTIFS(Journal!$D$2:$D$3001,Paramètres!$A15,Journal!$H$2:$H$3001,">="&MAX(Paramètres!$C15,D$4),Journal!$H$2:$H$3001,"<="&IF(Paramètres!$D15="",EOMONTH(D$4,0),MIN(Paramètres!$D15,EOMONTH(D$4,0))),Journal!$K$2:$K$3001,1)) -> 7 | R9: =IF(OR(Paramètres!$A15="",E$3=0),"",COUNTIFS(Journal!$D$2:$D$3001,Paramètres!$A15,Journal!$H$2:$H$3001,">="&MAX(Paramètres!$C15,E$4),Journal!$H$2:$H$3001,"<="&IF(Paramètres!$D15="",EOMONTH(E$4,0),MIN(Paramètres!$D15,EOMONTH(E$4,0))),Journal!$K$2:$K$3001,1)) -> 10 | S9: =IF(OR(Paramètres!$A15="",F$3=0),"",COUNTIFS(Journal!$D$2:$D$3001,Paramètres!$A15,Journal!$H$2:$H$3001,">="&MAX(Paramètres!$C15,F$4),Journal!$H$2:$H$3001,"<="&IF(Paramètres!$D15="",EOMONTH(F$4,0),MIN(Paramètres!$D15,EOMONTH(F$4,0))),Journal!$K$2:$K$3001,1)) -> 7 | T9: =IF(OR(Paramètres!$A15="",G$3=0),"",COUNTIFS(Journal!$D$2:$D$3001,Paramètres!$A15,Journal!$H$2:$H$3001,">="&MAX(Paramètres!$C15,G$4),Journal!$H$2:$H$3001,"<="&IF(Paramètres!$D15="",EOMONTH(G$4,0),MIN(Paramètres!$D15,EOMONTH(G$4,0))),Journal!$K$2:$K$3001,1)) -> 4 | U9: =IF(OR(Paramètres!$A15="",H$3=0),"",COUNTIFS(Journal!$D$2:$D$3001,Paramètres!$A15,Journal!$H$2:$H$3001,">="&MAX(Paramètres!$C15,H$4),Journal!$H$2:$H$3001,"<="&IF(Paramètres!$D15="",EOMONTH(H$4,0),MIN(Paramètres!$D15,EOMONTH(H$4,0))),Journal!$K$2:$K$3001,1)) -> 5 | V9: =IF(OR(Paramètres!$A15="",I$3=0),"",COUNTIFS(Journal!$D$2:$D$3001,Paramètres!$A15,Journal!$H$2:$H$3001,">="&MAX(Paramètres!$C15,I$4),Journal!$H$2:$H$3001,"<="&IF(Paramètres!$D15="",EOMONTH(I$4,0),MIN(Paramètres!$D15,EOMONTH(I$4,0))),Journal!$K$2:$K$3001,1)) -> 3 | W9: =IF(OR(Paramètres!$A15="",J$3=0),"",COUNTIFS(Journal!$D$2:$D$3001,Paramètres!$A15,Journal!$H$2:$H$3001,">="&MAX(Paramètres!$C15,J$4),Journal!$H$2:$H$3001,"<="&IF(Paramètres!$D15="",EOMONTH(J$4,0),MIN(Paramètres!$D15,EOMONTH(J$4,0))),Journal!$K$2:$K$3001,1)) -> 0 | ... AA9: =IF(OR(Paramètres!$A15="",N$3=0),"",COUNTIFS(Journal!$D$2:$D$3001,Paramètres!$A15,Journal!$H$2:$H$3001,">="&MAX(Paramètres!$C15,N$4),Journal!$H$2:$H$3001,"<="&IF(Paramètres!$D15="",EOMONTH(N$4,0),MIN(Paramètres!$D15,EOMONTH(N$4,0))),Journal!$K$2:$K$3001,1)) | AC9: =IF(C9="","",IF(C9=0,"",P9/C9)) -> 0.38095238 | AD9: =IF(D9="","",IF(D9=0,"",Q9/D9)) -> 0.35 | AE9: =IF(E9="","",IF(E9=0,"",R9/E9)) -> 0.47619048 | AF9: =IF(F9="","",IF(F9=0,"",S9/F9)) -> 0.31818182 | AG9: =IF(G9="","",IF(G9=0,"",T9/G9)) -> 0.23529412 | AH9: =IF(H9="","",IF(H9=0,"",U9/H9)) -> 0.22727273 | AI9: =IF(I9="","",IF(I9=0,"",V9/I9)) -> 0.13043478 | AJ9: =IF(J9="","",IF(J9=0,"",W9/J9)) -> 0 | ... AN9: =IF(N9="","",IF(N9=0,"",AA9/N9)) | AP9: =IF(C9="","",IF(C9=0,"",MIN(1,P9/MAX(1,ROUND(C9*Paramètres!$E15/5,0))))) -> 0.38095238 | AQ9: =IF(D9="","",IF(D9=0,"",MIN(1,Q9/MAX(1,ROUND(D9*Paramètres!$E15/5,0))))) -> 0.35 | AR9: =IF(E9="","",IF(E9=0,"",MIN(1,R9/MAX(1,ROUND(E9*Paramètres!$E15/5,0))))) -> 0.47619048 | AS9: =IF(F9="","",IF(F9=0,"",MIN(1,S9/MAX(1,ROUND(F9*Paramètres!$E15/5,0))))) -> 0.31818182 | AT9: =IF(G9="","",IF(G9=0,"",MIN(1,T9/MAX(1,ROUND(G9*Paramètres!$E15/5,0))))) -> 0.23529412 | AU9: =IF(H9="","",IF(H9=0,"",MIN(1,U9/MAX(1,ROUND(H9*Paramètres!$E15/5,0))))) -> 0.22727273 | AV9: =IF(I9="","",IF(I9=0,"",MIN(1,V9/MAX(1,ROUND(I9*Paramètres!$E15/5,0))))) -> 0.13043478 | AW9: =IF(J9="","",IF(J9=0,"",MIN(1,W9/MAX(1,ROUND(J9*Paramètres!$E15/5,0))))) -> 0 | ... BA9: =IF(N9="","",IF(N9=0,"",MIN(1,AA9/MAX(1,ROUND(N9*Paramètres!$E15/5,0))))) | BC9: =IF(N(INDEX($C9:$N9,$C$48))>0,1,0) -> 1 | BD9: =IF(BC9=1,INDEX($AC9:$AN9,$C$48),"") -> 0.18181818 | BE9: =IF(BC9=1,N(BD9)+ROW()/1000000,"") -> 0.18182718 | BF9: =IF(BC9=1,COUNTIF($BE$5:$BE$34,">"&BE9)+1,"") -> 9
A10: =IF(Paramètres!A16="","",Paramètres!A16) -> Ines Farhat | C10: =IF(OR(Paramètres!$A16="",C$3=0),"",COUNTIFS(Calendrier!$A$2:$A$367,">="&MAX(Paramètres!$C16,C$4),Calendrier!$A$2:$A$367,"<="&IF(Paramètres!$D16="",EOMONTH(C$4,0),MIN(Paramètres!$D16,EOMONTH(C$4,0))),Calendrier!$C$2:$C$367,1)) -> 21 | D10: =IF(OR(Paramètres!$A16="",D$3=0),"",COUNTIFS(Calendrier!$A$2:$A$367,">="&MAX(Paramètres!$C16,D$4),Calendrier!$A$2:$A$367,"<="&IF(Paramètres!$D16="",EOMONTH(D$4,0),MIN(Paramètres!$D16,EOMONTH(D$4,0))),Calendrier!$C$2:$C$367,1)) -> 20 | E10: =IF(OR(Paramètres!$A16="",E$3=0),"",COUNTIFS(Calendrier!$A$2:$A$367,">="&MAX(Paramètres!$C16,E$4),Calendrier!$A$2:$A$367,"<="&IF(Paramètres!$D16="",EOMONTH(E$4,0),MIN(Paramètres!$D16,EOMONTH(E$4,0))),Calendrier!$C$2:$C$367,1)) -> 21 | F10: =IF(OR(Paramètres!$A16="",F$3=0),"",COUNTIFS(Calendrier!$A$2:$A$367,">="&MAX(Paramètres!$C16,F$4),Calendrier!$A$2:$A$367,"<="&IF(Paramètres!$D16="",EOMONTH(F$4,0),MIN(Paramètres!$D16,EOMONTH(F$4,0))),Calendrier!$C$2:$C$367,1)) -> 22 | G10: =IF(OR(Paramètres!$A16="",G$3=0),"",COUNTIFS(Calendrier!$A$2:$A$367,">="&MAX(Paramètres!$C16,G$4),Calendrier!$A$2:$A$367,"<="&IF(Paramètres!$D16="",EOMONTH(G$4,0),MIN(Paramètres!$D16,EOMONTH(G$4,0))),Calendrier!$C$2:$C$367,1)) -> 17 | H10: =IF(OR(Paramètres!$A16="",H$3=0),"",COUNTIFS(Calendrier!$A$2:$A$367,">="&MAX(Paramètres!$C16,H$4),Calendrier!$A$2:$A$367,"<="&IF(Paramètres!$D16="",EOMONTH(H$4,0),MIN(Paramètres!$D16,EOMONTH(H$4,0))),Calendrier!$C$2:$C$367,1)) -> 22 | I10: =IF(OR(Paramètres!$A16="",I$3=0),"",COUNTIFS(Calendrier!$A$2:$A$367,">="&MAX(Paramètres!$C16,I$4),Calendrier!$A$2:$A$367,"<="&IF(Paramètres!$D16="",EOMONTH(I$4,0),MIN(Paramètres!$D16,EOMONTH(I$4,0))),Calendrier!$C$2:$C$367,1)) -> 23 | J10: =IF(OR(Paramètres!$A16="",J$3=0),"",COUNTIFS(Calendrier!$A$2:$A$367,">="&MAX(Paramètres!$C16,J$4),Calendrier!$A$2:$A$367,"<="&IF(Paramètres!$D16="",EOMONTH(J$4,0),MIN(Paramètres!$D16,EOMONTH(J$4,0))),Calendrier!$C$2:$C$367,1)) -> 8 | ... N10: =IF(OR(Paramètres!$A16="",N$3=0),"",COUNTIFS(Calendrier!$A$2:$A$367,">="&MAX(Paramètres!$C16,N$4),Calendrier!$A$2:$A$367,"<="&IF(Paramètres!$D16="",EOMONTH(N$4,0),MIN(Paramètres!$D16,EOMONTH(N$4,0))),Calendrier!$C$2:$C$367,1)) | P10: =IF(OR(Paramètres!$A16="",C$3=0),"",COUNTIFS(Journal!$D$2:$D$3001,Paramètres!$A16,Journal!$H$2:$H$3001,">="&MAX(Paramètres!$C16,C$4),Journal!$H$2:$H$3001,"<="&IF(Paramètres!$D16="",EOMONTH(C$4,0),MIN(Paramètres!$D16,EOMONTH(C$4,0))),Journal!$K$2:$K$3001,1)) -> 11 | Q10: =IF(OR(Paramètres!$A16="",D$3=0),"",COUNTIFS(Journal!$D$2:$D$3001,Paramètres!$A16,Journal!$H$2:$H$3001,">="&MAX(Paramètres!$C16,D$4),Journal!$H$2:$H$3001,"<="&IF(Paramètres!$D16="",EOMONTH(D$4,0),MIN(Paramètres!$D16,EOMONTH(D$4,0))),Journal!$K$2:$K$3001,1)) -> 7 | R10: =IF(OR(Paramètres!$A16="",E$3=0),"",COUNTIFS(Journal!$D$2:$D$3001,Paramètres!$A16,Journal!$H$2:$H$3001,">="&MAX(Paramètres!$C16,E$4),Journal!$H$2:$H$3001,"<="&IF(Paramètres!$D16="",EOMONTH(E$4,0),MIN(Paramètres!$D16,EOMONTH(E$4,0))),Journal!$K$2:$K$3001,1)) -> 10 | S10: =IF(OR(Paramètres!$A16="",F$3=0),"",COUNTIFS(Journal!$D$2:$D$3001,Paramètres!$A16,Journal!$H$2:$H$3001,">="&MAX(Paramètres!$C16,F$4),Journal!$H$2:$H$3001,"<="&IF(Paramètres!$D16="",EOMONTH(F$4,0),MIN(Paramètres!$D16,EOMONTH(F$4,0))),Journal!$K$2:$K$3001,1)) -> 10 | T10: =IF(OR(Paramètres!$A16="",G$3=0),"",COUNTIFS(Journal!$D$2:$D$3001,Paramètres!$A16,Journal!$H$2:$H$3001,">="&MAX(Paramètres!$C16,G$4),Journal!$H$2:$H$3001,"<="&IF(Paramètres!$D16="",EOMONTH(G$4,0),MIN(Paramètres!$D16,EOMONTH(G$4,0))),Journal!$K$2:$K$3001,1)) -> 8 | U10: =IF(OR(Paramètres!$A16="",H$3=0),"",COUNTIFS(Journal!$D$2:$D$3001,Paramètres!$A16,Journal!$H$2:$H$3001,">="&MAX(Paramètres!$C16,H$4),Journal!$H$2:$H$3001,"<="&IF(Paramètres!$D16="",EOMONTH(H$4,0),MIN(Paramètres!$D16,EOMONTH(H$4,0))),Journal!$K$2:$K$3001,1)) -> 9 | V10: =IF(OR(Paramètres!$A16="",I$3=0),"",COUNTIFS(Journal!$D$2:$D$3001,Paramètres!$A16,Journal!$H$2:$H$3001,">="&MAX(Paramètres!$C16,I$4),Journal!$H$2:$H$3001,"<="&IF(Paramètres!$D16="",EOMONTH(I$4,0),MIN(Paramètres!$D16,EOMONTH(I$4,0))),Journal!$K$2:$K$3001,1)) -> 6 | W10: =IF(OR(Paramètres!$A16="",J$3=0),"",COUNTIFS(Journal!$D$2:$D$3001,Paramètres!$A16,Journal!$H$2:$H$3001,">="&MAX(Paramètres!$C16,J$4),Journal!$H$2:$H$3001,"<="&IF(Paramètres!$D16="",EOMONTH(J$4,0),MIN(Paramètres!$D16,EOMONTH(J$4,0))),Journal!$K$2:$K$3001,1)) -> 2 | ... AA10: =IF(OR(Paramètres!$A16="",N$3=0),"",COUNTIFS(Journal!$D$2:$D$3001,Paramètres!$A16,Journal!$H$2:$H$3001,">="&MAX(Paramètres!$C16,N$4),Journal!$H$2:$H$3001,"<="&IF(Paramètres!$D16="",EOMONTH(N$4,0),MIN(Paramètres!$D16,EOMONTH(N$4,0))),Journal!$K$2:$K$3001,1)) | AC10: =IF(C10="","",IF(C10=0,"",P10/C10)) -> 0.52380952 | AD10: =IF(D10="","",IF(D10=0,"",Q10/D10)) -> 0.35 | AE10: =IF(E10="","",IF(E10=0,"",R10/E10)) -> 0.47619048 | AF10: =IF(F10="","",IF(F10=0,"",S10/F10)) -> 0.45454545 | AG10: =IF(G10="","",IF(G10=0,"",T10/G10)) -> 0.47058824 | AH10: =IF(H10="","",IF(H10=0,"",U10/H10)) -> 0.40909091 | AI10: =IF(I10="","",IF(I10=0,"",V10/I10)) -> 0.26086957 | AJ10: =IF(J10="","",IF(J10=0,"",W10/J10)) -> 0.25 | ... AN10: =IF(N10="","",IF(N10=0,"",AA10/N10)) | AP10: =IF(C10="","",IF(C10=0,"",MIN(1,P10/MAX(1,ROUND(C10*Paramètres!$E16/5,0))))) -> 0.52380952 | AQ10: =IF(D10="","",IF(D10=0,"",MIN(1,Q10/MAX(1,ROUND(D10*Paramètres!$E16/5,0))))) -> 0.35 | AR10: =IF(E10="","",IF(E10=0,"",MIN(1,R10/MAX(1,ROUND(E10*Paramètres!$E16/5,0))))) -> 0.47619048 | AS10: =IF(F10="","",IF(F10=0,"",MIN(1,S10/MAX(1,ROUND(F10*Paramètres!$E16/5,0))))) -> 0.45454545 | AT10: =IF(G10="","",IF(G10=0,"",MIN(1,T10/MAX(1,ROUND(G10*Paramètres!$E16/5,0))))) -> 0.47058824 | AU10: =IF(H10="","",IF(H10=0,"",MIN(1,U10/MAX(1,ROUND(H10*Paramètres!$E16/5,0))))) -> 0.40909091 | AV10: =IF(I10="","",IF(I10=0,"",MIN(1,V10/MAX(1,ROUND(I10*Paramètres!$E16/5,0))))) -> 0.26086957 | AW10: =IF(J10="","",IF(J10=0,"",MIN(1,W10/MAX(1,ROUND(J10*Paramètres!$E16/5,0))))) -> 0.25 | ... BA10: =IF(N10="","",IF(N10=0,"",MIN(1,AA10/MAX(1,ROUND(N10*Paramètres!$E16/5,0))))) | BC10: =IF(N(INDEX($C10:$N10,$C$48))>0,1,0) -> 1 | BD10: =IF(BC10=1,INDEX($AC10:$AN10,$C$48),"") -> 0.5 | BE10: =IF(BC10=1,N(BD10)+ROW()/1000000,"") -> 0.50001 | BF10: =IF(BC10=1,COUNTIF($BE$5:$BE$34,">"&BE10)+1,"") -> 2
A11: =IF(Paramètres!A17="","",Paramètres!A17) -> Lobna Jberi | C11: =IF(OR(Paramètres!$A17="",C$3=0),"",COUNTIFS(Calendrier!$A$2:$A$367,">="&MAX(Paramètres!$C17,C$4),Calendrier!$A$2:$A$367,"<="&IF(Paramètres!$D17="",EOMONTH(C$4,0),MIN(Paramètres!$D17,EOMONTH(C$4,0))),Calendrier!$C$2:$C$367,1)) -> 0 | D11: =IF(OR(Paramètres!$A17="",D$3=0),"",COUNTIFS(Calendrier!$A$2:$A$367,">="&MAX(Paramètres!$C17,D$4),Calendrier!$A$2:$A$367,"<="&IF(Paramètres!$D17="",EOMONTH(D$4,0),MIN(Paramètres!$D17,EOMONTH(D$4,0))),Calendrier!$C$2:$C$367,1)) -> 0 | E11: =IF(OR(Paramètres!$A17="",E$3=0),"",COUNTIFS(Calendrier!$A$2:$A$367,">="&MAX(Paramètres!$C17,E$4),Calendrier!$A$2:$A$367,"<="&IF(Paramètres!$D17="",EOMONTH(E$4,0),MIN(Paramètres!$D17,EOMONTH(E$4,0))),Calendrier!$C$2:$C$367,1)) -> 0 | F11: =IF(OR(Paramètres!$A17="",F$3=0),"",COUNTIFS(Calendrier!$A$2:$A$367,">="&MAX(Paramètres!$C17,F$4),Calendrier!$A$2:$A$367,"<="&IF(Paramètres!$D17="",EOMONTH(F$4,0),MIN(Paramètres!$D17,EOMONTH(F$4,0))),Calendrier!$C$2:$C$367,1)) -> 0 | G11: =IF(OR(Paramètres!$A17="",G$3=0),"",COUNTIFS(Calendrier!$A$2:$A$367,">="&MAX(Paramètres!$C17,G$4),Calendrier!$A$2:$A$367,"<="&IF(Paramètres!$D17="",EOMONTH(G$4,0),MIN(Paramètres!$D17,EOMONTH(G$4,0))),Calendrier!$C$2:$C$367,1)) -> 0 | H11: =IF(OR(Paramètres!$A17="",H$3=0),"",COUNTIFS(Calendrier!$A$2:$A$367,">="&MAX(Paramètres!$C17,H$4),Calendrier!$A$2:$A$367,"<="&IF(Paramètres!$D17="",EOMONTH(H$4,0),MIN(Paramètres!$D17,EOMONTH(H$4,0))),Calendrier!$C$2:$C$367,1)) -> 0 | I11: =IF(OR(Paramètres!$A17="",I$3=0),"",COUNTIFS(Calendrier!$A$2:$A$367,">="&MAX(Paramètres!$C17,I$4),Calendrier!$A$2:$A$367,"<="&IF(Paramètres!$D17="",EOMONTH(I$4,0),MIN(Paramètres!$D17,EOMONTH(I$4,0))),Calendrier!$C$2:$C$367,1)) -> 23 | J11: =IF(OR(Paramètres!$A17="",J$3=0),"",COUNTIFS(Calendrier!$A$2:$A$367,">="&MAX(Paramètres!$C17,J$4),Calendrier!$A$2:$A$367,"<="&IF(Paramètres!$D17="",EOMONTH(J$4,0),MIN(Paramètres!$D17,EOMONTH(J$4,0))),Calendrier!$C$2:$C$367,1)) -> 8 | ... N11: =IF(OR(Paramètres!$A17="",N$3=0),"",COUNTIFS(Calendrier!$A$2:$A$367,">="&MAX(Paramètres!$C17,N$4),Calendrier!$A$2:$A$367,"<="&IF(Paramètres!$D17="",EOMONTH(N$4,0),MIN(Paramètres!$D17,EOMONTH(N$4,0))),Calendrier!$C$2:$C$367,1)) | P11: =IF(OR(Paramètres!$A17="",C$3=0),"",COUNTIFS(Journal!$D$2:$D$3001,Paramètres!$A17,Journal!$H$2:$H$3001,">="&MAX(Paramètres!$C17,C$4),Journal!$H$2:$H$3001,"<="&IF(Paramètres!$D17="",EOMONTH(C$4,0),MIN(Paramètres!$D17,EOMONTH(C$4,0))),Journal!$K$2:$K$3001,1)) -> 0 | Q11: =IF(OR(Paramètres!$A17="",D$3=0),"",COUNTIFS(Journal!$D$2:$D$3001,Paramètres!$A17,Journal!$H$2:$H$3001,">="&MAX(Paramètres!$C17,D$4),Journal!$H$2:$H$3001,"<="&IF(Paramètres!$D17="",EOMONTH(D$4,0),MIN(Paramètres!$D17,EOMONTH(D$4,0))),Journal!$K$2:$K$3001,1)) -> 0 | R11: =IF(OR(Paramètres!$A17="",E$3=0),"",COUNTIFS(Journal!$D$2:$D$3001,Paramètres!$A17,Journal!$H$2:$H$3001,">="&MAX(Paramètres!$C17,E$4),Journal!$H$2:$H$3001,"<="&IF(Paramètres!$D17="",EOMONTH(E$4,0),MIN(Paramètres!$D17,EOMONTH(E$4,0))),Journal!$K$2:$K$3001,1)) -> 0 | S11: =IF(OR(Paramètres!$A17="",F$3=0),"",COUNTIFS(Journal!$D$2:$D$3001,Paramètres!$A17,Journal!$H$2:$H$3001,">="&MAX(Paramètres!$C17,F$4),Journal!$H$2:$H$3001,"<="&IF(Paramètres!$D17="",EOMONTH(F$4,0),MIN(Paramètres!$D17,EOMONTH(F$4,0))),Journal!$K$2:$K$3001,1)) -> 0 | T11: =IF(OR(Paramètres!$A17="",G$3=0),"",COUNTIFS(Journal!$D$2:$D$3001,Paramètres!$A17,Journal!$H$2:$H$3001,">="&MAX(Paramètres!$C17,G$4),Journal!$H$2:$H$3001,"<="&IF(Paramètres!$D17="",EOMONTH(G$4,0),MIN(Paramètres!$D17,EOMONTH(G$4,0))),Journal!$K$2:$K$3001,1)) -> 0 | U11: =IF(OR(Paramètres!$A17="",H$3=0),"",COUNTIFS(Journal!$D$2:$D$3001,Paramètres!$A17,Journal!$H$2:$H$3001,">="&MAX(Paramètres!$C17,H$4),Journal!$H$2:$H$3001,"<="&IF(Paramètres!$D17="",EOMONTH(H$4,0),MIN(Paramètres!$D17,EOMONTH(H$4,0))),Journal!$K$2:$K$3001,1)) -> 0 | V11: =IF(OR(Paramètres!$A17="",I$3=0),"",COUNTIFS(Journal!$D$2:$D$3001,Paramètres!$A17,Journal!$H$2:$H$3001,">="&MAX(Paramètres!$C17,I$4),Journal!$H$2:$H$3001,"<="&IF(Paramètres!$D17="",EOMONTH(I$4,0),MIN(Paramètres!$D17,EOMONTH(I$4,0))),Journal!$K$2:$K$3001,1)) -> 2 | W11: =IF(OR(Paramètres!$A17="",J$3=0),"",COUNTIFS(Journal!$D$2:$D$3001,Paramètres!$A17,Journal!$H$2:$H$3001,">="&MAX(Paramètres!$C17,J$4),Journal!$H$2:$H$3001,"<="&IF(Paramètres!$D17="",EOMONTH(J$4,0),MIN(Paramètres!$D17,EOMONTH(J$4,0))),Journal!$K$2:$K$3001,1)) -> 1 | ... AA11: =IF(OR(Paramètres!$A17="",N$3=0),"",COUNTIFS(Journal!$D$2:$D$3001,Paramètres!$A17,Journal!$H$2:$H$3001,">="&MAX(Paramètres!$C17,N$4),Journal!$H$2:$H$3001,"<="&IF(Paramètres!$D17="",EOMONTH(N$4,0),MIN(Paramètres!$D17,EOMONTH(N$4,0))),Journal!$K$2:$K$3001,1)) | AC11: =IF(C11="","",IF(C11=0,"",P11/C11)) | AD11: =IF(D11="","",IF(D11=0,"",Q11/D11)) | AE11: =IF(E11="","",IF(E11=0,"",R11/E11)) | AF11: =IF(F11="","",IF(F11=0,"",S11/F11)) | AG11: =IF(G11="","",IF(G11=0,"",T11/G11)) | AH11: =IF(H11="","",IF(H11=0,"",U11/H11)) | AI11: =IF(I11="","",IF(I11=0,"",V11/I11)) -> 0.086956522 | AJ11: =IF(J11="","",IF(J11=0,"",W11/J11)) -> 0.125 | ... AN11: =IF(N11="","",IF(N11=0,"",AA11/N11)) | AP11: =IF(C11="","",IF(C11=0,"",MIN(1,P11/MAX(1,ROUND(C11*Paramètres!$E17/5,0))))) | AQ11: =IF(D11="","",IF(D11=0,"",MIN(1,Q11/MAX(1,ROUND(D11*Paramètres!$E17/5,0))))) | AR11: =IF(E11="","",IF(E11=0,"",MIN(1,R11/MAX(1,ROUND(E11*Paramètres!$E17/5,0))))) | AS11: =IF(F11="","",IF(F11=0,"",MIN(1,S11/MAX(1,ROUND(F11*Paramètres!$E17/5,0))))) | AT11: =IF(G11="","",IF(G11=0,"",MIN(1,T11/MAX(1,ROUND(G11*Paramètres!$E17/5,0))))) | AU11: =IF(H11="","",IF(H11=0,"",MIN(1,U11/MAX(1,ROUND(H11*Paramètres!$E17/5,0))))) | AV11: =IF(I11="","",IF(I11=0,"",MIN(1,V11/MAX(1,ROUND(I11*Paramètres!$E17/5,0))))) -> 0.086956522 | AW11: =IF(J11="","",IF(J11=0,"",MIN(1,W11/MAX(1,ROUND(J11*Paramètres!$E17/5,0))))) -> 0.125 | ... BA11: =IF(N11="","",IF(N11=0,"",MIN(1,AA11/MAX(1,ROUND(N11*Paramètres!$E17/5,0))))) | BC11: =IF(N(INDEX($C11:$N11,$C$48))>0,1,0) -> 1 | BD11: =IF(BC11=1,INDEX($AC11:$AN11,$C$48),"") -> 0 | BE11: =IF(BC11=1,N(BD11)+ROW()/1000000,"") -> 1.1e-05 | BF11: =IF(BC11=1,COUNTIF($BE$5:$BE$34,">"&BE11)+1,"") -> 14
A12: =IF(Paramètres!A18="","",Paramètres!A18) -> Marwa Solaani | C12: =IF(OR(Paramètres!$A18="",C$3=0),"",COUNTIFS(Calendrier!$A$2:$A$367,">="&MAX(Paramètres!$C18,C$4),Calendrier!$A$2:$A$367,"<="&IF(Paramètres!$D18="",EOMONTH(C$4,0),MIN(Paramètres!$D18,EOMONTH(C$4,0))),Calendrier!$C$2:$C$367,1)) -> 21 | D12: =IF(OR(Paramètres!$A18="",D$3=0),"",COUNTIFS(Calendrier!$A$2:$A$367,">="&MAX(Paramètres!$C18,D$4),Calendrier!$A$2:$A$367,"<="&IF(Paramètres!$D18="",EOMONTH(D$4,0),MIN(Paramètres!$D18,EOMONTH(D$4,0))),Calendrier!$C$2:$C$367,1)) -> 20 | E12: =IF(OR(Paramètres!$A18="",E$3=0),"",COUNTIFS(Calendrier!$A$2:$A$367,">="&MAX(Paramètres!$C18,E$4),Calendrier!$A$2:$A$367,"<="&IF(Paramètres!$D18="",EOMONTH(E$4,0),MIN(Paramètres!$D18,EOMONTH(E$4,0))),Calendrier!$C$2:$C$367,1)) -> 21 | F12: =IF(OR(Paramètres!$A18="",F$3=0),"",COUNTIFS(Calendrier!$A$2:$A$367,">="&MAX(Paramètres!$C18,F$4),Calendrier!$A$2:$A$367,"<="&IF(Paramètres!$D18="",EOMONTH(F$4,0),MIN(Paramètres!$D18,EOMONTH(F$4,0))),Calendrier!$C$2:$C$367,1)) -> 22 | G12: =IF(OR(Paramètres!$A18="",G$3=0),"",COUNTIFS(Calendrier!$A$2:$A$367,">="&MAX(Paramètres!$C18,G$4),Calendrier!$A$2:$A$367,"<="&IF(Paramètres!$D18="",EOMONTH(G$4,0),MIN(Paramètres!$D18,EOMONTH(G$4,0))),Calendrier!$C$2:$C$367,1)) -> 17 | H12: =IF(OR(Paramètres!$A18="",H$3=0),"",COUNTIFS(Calendrier!$A$2:$A$367,">="&MAX(Paramètres!$C18,H$4),Calendrier!$A$2:$A$367,"<="&IF(Paramètres!$D18="",EOMONTH(H$4,0),MIN(Paramètres!$D18,EOMONTH(H$4,0))),Calendrier!$C$2:$C$367,1)) -> 22 | I12: =IF(OR(Paramètres!$A18="",I$3=0),"",COUNTIFS(Calendrier!$A$2:$A$367,">="&MAX(Paramètres!$C18,I$4),Calendrier!$A$2:$A$367,"<="&IF(Paramètres!$D18="",EOMONTH(I$4,0),MIN(Paramètres!$D18,EOMONTH(I$4,0))),Calendrier!$C$2:$C$367,1)) -> 23 | J12: =IF(OR(Paramètres!$A18="",J$3=0),"",COUNTIFS(Calendrier!$A$2:$A$367,">="&MAX(Paramètres!$C18,J$4),Calendrier!$A$2:$A$367,"<="&IF(Paramètres!$D18="",EOMONTH(J$4,0),MIN(Paramètres!$D18,EOMONTH(J$4,0))),Calendrier!$C$2:$C$367,1)) -> 8 | ... N12: =IF(OR(Paramètres!$A18="",N$3=0),"",COUNTIFS(Calendrier!$A$2:$A$367,">="&MAX(Paramètres!$C18,N$4),Calendrier!$A$2:$A$367,"<="&IF(Paramètres!$D18="",EOMONTH(N$4,0),MIN(Paramètres!$D18,EOMONTH(N$4,0))),Calendrier!$C$2:$C$367,1)) | P12: =IF(OR(Paramètres!$A18="",C$3=0),"",COUNTIFS(Journal!$D$2:$D$3001,Paramètres!$A18,Journal!$H$2:$H$3001,">="&MAX(Paramètres!$C18,C$4),Journal!$H$2:$H$3001,"<="&IF(Paramètres!$D18="",EOMONTH(C$4,0),MIN(Paramètres!$D18,EOMONTH(C$4,0))),Journal!$K$2:$K$3001,1)) -> 4 | Q12: =IF(OR(Paramètres!$A18="",D$3=0),"",COUNTIFS(Journal!$D$2:$D$3001,Paramètres!$A18,Journal!$H$2:$H$3001,">="&MAX(Paramètres!$C18,D$4),Journal!$H$2:$H$3001,"<="&IF(Paramètres!$D18="",EOMONTH(D$4,0),MIN(Paramètres!$D18,EOMONTH(D$4,0))),Journal!$K$2:$K$3001,1)) -> 4 | R12: =IF(OR(Paramètres!$A18="",E$3=0),"",COUNTIFS(Journal!$D$2:$D$3001,Paramètres!$A18,Journal!$H$2:$H$3001,">="&MAX(Paramètres!$C18,E$4),Journal!$H$2:$H$3001,"<="&IF(Paramètres!$D18="",EOMONTH(E$4,0),MIN(Paramètres!$D18,EOMONTH(E$4,0))),Journal!$K$2:$K$3001,1)) -> 3 | S12: =IF(OR(Paramètres!$A18="",F$3=0),"",COUNTIFS(Journal!$D$2:$D$3001,Paramètres!$A18,Journal!$H$2:$H$3001,">="&MAX(Paramètres!$C18,F$4),Journal!$H$2:$H$3001,"<="&IF(Paramètres!$D18="",EOMONTH(F$4,0),MIN(Paramètres!$D18,EOMONTH(F$4,0))),Journal!$K$2:$K$3001,1)) -> 1 | T12: =IF(OR(Paramètres!$A18="",G$3=0),"",COUNTIFS(Journal!$D$2:$D$3001,Paramètres!$A18,Journal!$H$2:$H$3001,">="&MAX(Paramètres!$C18,G$4),Journal!$H$2:$H$3001,"<="&IF(Paramètres!$D18="",EOMONTH(G$4,0),MIN(Paramètres!$D18,EOMONTH(G$4,0))),Journal!$K$2:$K$3001,1)) -> 2 | U12: =IF(OR(Paramètres!$A18="",H$3=0),"",COUNTIFS(Journal!$D$2:$D$3001,Paramètres!$A18,Journal!$H$2:$H$3001,">="&MAX(Paramètres!$C18,H$4),Journal!$H$2:$H$3001,"<="&IF(Paramètres!$D18="",EOMONTH(H$4,0),MIN(Paramètres!$D18,EOMONTH(H$4,0))),Journal!$K$2:$K$3001,1)) -> 7 | V12: =IF(OR(Paramètres!$A18="",I$3=0),"",COUNTIFS(Journal!$D$2:$D$3001,Paramètres!$A18,Journal!$H$2:$H$3001,">="&MAX(Paramètres!$C18,I$4),Journal!$H$2:$H$3001,"<="&IF(Paramètres!$D18="",EOMONTH(I$4,0),MIN(Paramètres!$D18,EOMONTH(I$4,0))),Journal!$K$2:$K$3001,1)) -> 6 | W12: =IF(OR(Paramètres!$A18="",J$3=0),"",COUNTIFS(Journal!$D$2:$D$3001,Paramètres!$A18,Journal!$H$2:$H$3001,">="&MAX(Paramètres!$C18,J$4),Journal!$H$2:$H$3001,"<="&IF(Paramètres!$D18="",EOMONTH(J$4,0),MIN(Paramètres!$D18,EOMONTH(J$4,0))),Journal!$K$2:$K$3001,1)) -> 3 | ... AA12: =IF(OR(Paramètres!$A18="",N$3=0),"",COUNTIFS(Journal!$D$2:$D$3001,Paramètres!$A18,Journal!$H$2:$H$3001,">="&MAX(Paramètres!$C18,N$4),Journal!$H$2:$H$3001,"<="&IF(Paramètres!$D18="",EOMONTH(N$4,0),MIN(Paramètres!$D18,EOMONTH(N$4,0))),Journal!$K$2:$K$3001,1)) | AC12: =IF(C12="","",IF(C12=0,"",P12/C12)) -> 0.19047619 | AD12: =IF(D12="","",IF(D12=0,"",Q12/D12)) -> 0.2 | AE12: =IF(E12="","",IF(E12=0,"",R12/E12)) -> 0.14285714 | AF12: =IF(F12="","",IF(F12=0,"",S12/F12)) -> 0.045454545 | AG12: =IF(G12="","",IF(G12=0,"",T12/G12)) -> 0.11764706 | AH12: =IF(H12="","",IF(H12=0,"",U12/H12)) -> 0.31818182 | AI12: =IF(I12="","",IF(I12=0,"",V12/I12)) -> 0.26086957 | AJ12: =IF(J12="","",IF(J12=0,"",W12/J12)) -> 0.375 | ... AN12: =IF(N12="","",IF(N12=0,"",AA12/N12)) | AP12: =IF(C12="","",IF(C12=0,"",MIN(1,P12/MAX(1,ROUND(C12*Paramètres!$E18/5,0))))) -> 0.19047619 | AQ12: =IF(D12="","",IF(D12=0,"",MIN(1,Q12/MAX(1,ROUND(D12*Paramètres!$E18/5,0))))) -> 0.2 | AR12: =IF(E12="","",IF(E12=0,"",MIN(1,R12/MAX(1,ROUND(E12*Paramètres!$E18/5,0))))) -> 0.14285714 | AS12: =IF(F12="","",IF(F12=0,"",MIN(1,S12/MAX(1,ROUND(F12*Paramètres!$E18/5,0))))) -> 0.045454545 | AT12: =IF(G12="","",IF(G12=0,"",MIN(1,T12/MAX(1,ROUND(G12*Paramètres!$E18/5,0))))) -> 0.11764706 | AU12: =IF(H12="","",IF(H12=0,"",MIN(1,U12/MAX(1,ROUND(H12*Paramètres!$E18/5,0))))) -> 0.31818182 | AV12: =IF(I12="","",IF(I12=0,"",MIN(1,V12/MAX(1,ROUND(I12*Paramètres!$E18/5,0))))) -> 0.26086957 | AW12: =IF(J12="","",IF(J12=0,"",MIN(1,W12/MAX(1,ROUND(J12*Paramètres!$E18/5,0))))) -> 0.375 | ... BA12: =IF(N12="","",IF(N12=0,"",MIN(1,AA12/MAX(1,ROUND(N12*Paramètres!$E18/5,0))))) | BC12: =IF(N(INDEX($C12:$N12,$C$48))>0,1,0) -> 1 | BD12: =IF(BC12=1,INDEX($AC12:$AN12,$C$48),"") -> 0.27272727 | BE12: =IF(BC12=1,N(BD12)+ROW()/1000000,"") -> 0.27273927 | BF12: =IF(BC12=1,COUNTIF($BE$5:$BE$34,">"&BE12)+1,"") -> 6
A13: =IF(Paramètres!A19="","",Paramètres!A19) -> Mina Moussa | C13: =IF(OR(Paramètres!$A19="",C$3=0),"",COUNTIFS(Calendrier!$A$2:$A$367,">="&MAX(Paramètres!$C19,C$4),Calendrier!$A$2:$A$367,"<="&IF(Paramètres!$D19="",EOMONTH(C$4,0),MIN(Paramètres!$D19,EOMONTH(C$4,0))),Calendrier!$C$2:$C$367,1)) -> 21 | D13: =IF(OR(Paramètres!$A19="",D$3=0),"",COUNTIFS(Calendrier!$A$2:$A$367,">="&MAX(Paramètres!$C19,D$4),Calendrier!$A$2:$A$367,"<="&IF(Paramètres!$D19="",EOMONTH(D$4,0),MIN(Paramètres!$D19,EOMONTH(D$4,0))),Calendrier!$C$2:$C$367,1)) -> 20 | E13: =IF(OR(Paramètres!$A19="",E$3=0),"",COUNTIFS(Calendrier!$A$2:$A$367,">="&MAX(Paramètres!$C19,E$4),Calendrier!$A$2:$A$367,"<="&IF(Paramètres!$D19="",EOMONTH(E$4,0),MIN(Paramètres!$D19,EOMONTH(E$4,0))),Calendrier!$C$2:$C$367,1)) -> 21 | F13: =IF(OR(Paramètres!$A19="",F$3=0),"",COUNTIFS(Calendrier!$A$2:$A$367,">="&MAX(Paramètres!$C19,F$4),Calendrier!$A$2:$A$367,"<="&IF(Paramètres!$D19="",EOMONTH(F$4,0),MIN(Paramètres!$D19,EOMONTH(F$4,0))),Calendrier!$C$2:$C$367,1)) -> 22 | G13: =IF(OR(Paramètres!$A19="",G$3=0),"",COUNTIFS(Calendrier!$A$2:$A$367,">="&MAX(Paramètres!$C19,G$4),Calendrier!$A$2:$A$367,"<="&IF(Paramètres!$D19="",EOMONTH(G$4,0),MIN(Paramètres!$D19,EOMONTH(G$4,0))),Calendrier!$C$2:$C$367,1)) -> 17 | H13: =IF(OR(Paramètres!$A19="",H$3=0),"",COUNTIFS(Calendrier!$A$2:$A$367,">="&MAX(Paramètres!$C19,H$4),Calendrier!$A$2:$A$367,"<="&IF(Paramètres!$D19="",EOMONTH(H$4,0),MIN(Paramètres!$D19,EOMONTH(H$4,0))),Calendrier!$C$2:$C$367,1)) -> 22 | I13: =IF(OR(Paramètres!$A19="",I$3=0),"",COUNTIFS(Calendrier!$A$2:$A$367,">="&MAX(Paramètres!$C19,I$4),Calendrier!$A$2:$A$367,"<="&IF(Paramètres!$D19="",EOMONTH(I$4,0),MIN(Paramètres!$D19,EOMONTH(I$4,0))),Calendrier!$C$2:$C$367,1)) -> 23 | J13: =IF(OR(Paramètres!$A19="",J$3=0),"",COUNTIFS(Calendrier!$A$2:$A$367,">="&MAX(Paramètres!$C19,J$4),Calendrier!$A$2:$A$367,"<="&IF(Paramètres!$D19="",EOMONTH(J$4,0),MIN(Paramètres!$D19,EOMONTH(J$4,0))),Calendrier!$C$2:$C$367,1)) -> 8 | ... N13: =IF(OR(Paramètres!$A19="",N$3=0),"",COUNTIFS(Calendrier!$A$2:$A$367,">="&MAX(Paramètres!$C19,N$4),Calendrier!$A$2:$A$367,"<="&IF(Paramètres!$D19="",EOMONTH(N$4,0),MIN(Paramètres!$D19,EOMONTH(N$4,0))),Calendrier!$C$2:$C$367,1)) | P13: =IF(OR(Paramètres!$A19="",C$3=0),"",COUNTIFS(Journal!$D$2:$D$3001,Paramètres!$A19,Journal!$H$2:$H$3001,">="&MAX(Paramètres!$C19,C$4),Journal!$H$2:$H$3001,"<="&IF(Paramètres!$D19="",EOMONTH(C$4,0),MIN(Paramètres!$D19,EOMONTH(C$4,0))),Journal!$K$2:$K$3001,1)) -> 17 | Q13: =IF(OR(Paramètres!$A19="",D$3=0),"",COUNTIFS(Journal!$D$2:$D$3001,Paramètres!$A19,Journal!$H$2:$H$3001,">="&MAX(Paramètres!$C19,D$4),Journal!$H$2:$H$3001,"<="&IF(Paramètres!$D19="",EOMONTH(D$4,0),MIN(Paramètres!$D19,EOMONTH(D$4,0))),Journal!$K$2:$K$3001,1)) -> 12 | R13: =IF(OR(Paramètres!$A19="",E$3=0),"",COUNTIFS(Journal!$D$2:$D$3001,Paramètres!$A19,Journal!$H$2:$H$3001,">="&MAX(Paramètres!$C19,E$4),Journal!$H$2:$H$3001,"<="&IF(Paramètres!$D19="",EOMONTH(E$4,0),MIN(Paramètres!$D19,EOMONTH(E$4,0))),Journal!$K$2:$K$3001,1)) -> 11 | S13: =IF(OR(Paramètres!$A19="",F$3=0),"",COUNTIFS(Journal!$D$2:$D$3001,Paramètres!$A19,Journal!$H$2:$H$3001,">="&MAX(Paramètres!$C19,F$4),Journal!$H$2:$H$3001,"<="&IF(Paramètres!$D19="",EOMONTH(F$4,0),MIN(Paramètres!$D19,EOMONTH(F$4,0))),Journal!$K$2:$K$3001,1)) -> 9 | T13: =IF(OR(Paramètres!$A19="",G$3=0),"",COUNTIFS(Journal!$D$2:$D$3001,Paramètres!$A19,Journal!$H$2:$H$3001,">="&MAX(Paramètres!$C19,G$4),Journal!$H$2:$H$3001,"<="&IF(Paramètres!$D19="",EOMONTH(G$4,0),MIN(Paramètres!$D19,EOMONTH(G$4,0))),Journal!$K$2:$K$3001,1)) -> 6 | U13: =IF(OR(Paramètres!$A19="",H$3=0),"",COUNTIFS(Journal!$D$2:$D$3001,Paramètres!$A19,Journal!$H$2:$H$3001,">="&MAX(Paramètres!$C19,H$4),Journal!$H$2:$H$3001,"<="&IF(Paramètres!$D19="",EOMONTH(H$4,0),MIN(Paramètres!$D19,EOMONTH(H$4,0))),Journal!$K$2:$K$3001,1)) -> 9 | V13: =IF(OR(Paramètres!$A19="",I$3=0),"",COUNTIFS(Journal!$D$2:$D$3001,Paramètres!$A19,Journal!$H$2:$H$3001,">="&MAX(Paramètres!$C19,I$4),Journal!$H$2:$H$3001,"<="&IF(Paramètres!$D19="",EOMONTH(I$4,0),MIN(Paramètres!$D19,EOMONTH(I$4,0))),Journal!$K$2:$K$3001,1)) -> 8 | W13: =IF(OR(Paramètres!$A19="",J$3=0),"",COUNTIFS(Journal!$D$2:$D$3001,Paramètres!$A19,Journal!$H$2:$H$3001,">="&MAX(Paramètres!$C19,J$4),Journal!$H$2:$H$3001,"<="&IF(Paramètres!$D19="",EOMONTH(J$4,0),MIN(Paramètres!$D19,EOMONTH(J$4,0))),Journal!$K$2:$K$3001,1)) -> 1 | ... AA13: =IF(OR(Paramètres!$A19="",N$3=0),"",COUNTIFS(Journal!$D$2:$D$3001,Paramètres!$A19,Journal!$H$2:$H$3001,">="&MAX(Paramètres!$C19,N$4),Journal!$H$2:$H$3001,"<="&IF(Paramètres!$D19="",EOMONTH(N$4,0),MIN(Paramètres!$D19,EOMONTH(N$4,0))),Journal!$K$2:$K$3001,1)) | AC13: =IF(C13="","",IF(C13=0,"",P13/C13)) -> 0.80952381 | AD13: =IF(D13="","",IF(D13=0,"",Q13/D13)) -> 0.6 | AE13: =IF(E13="","",IF(E13=0,"",R13/E13)) -> 0.52380952 | AF13: =IF(F13="","",IF(F13=0,"",S13/F13)) -> 0.40909091 | AG13: =IF(G13="","",IF(G13=0,"",T13/G13)) -> 0.35294118 | AH13: =IF(H13="","",IF(H13=0,"",U13/H13)) -> 0.40909091 | AI13: =IF(I13="","",IF(I13=0,"",V13/I13)) -> 0.34782609 | AJ13: =IF(J13="","",IF(J13=0,"",W13/J13)) -> 0.125 | ... AN13: =IF(N13="","",IF(N13=0,"",AA13/N13)) | AP13: =IF(C13="","",IF(C13=0,"",MIN(1,P13/MAX(1,ROUND(C13*Paramètres!$E19/5,0))))) -> 0.80952381 | AQ13: =IF(D13="","",IF(D13=0,"",MIN(1,Q13/MAX(1,ROUND(D13*Paramètres!$E19/5,0))))) -> 0.6 | AR13: =IF(E13="","",IF(E13=0,"",MIN(1,R13/MAX(1,ROUND(E13*Paramètres!$E19/5,0))))) -> 0.52380952 | AS13: =IF(F13="","",IF(F13=0,"",MIN(1,S13/MAX(1,ROUND(F13*Paramètres!$E19/5,0))))) -> 0.40909091 | AT13: =IF(G13="","",IF(G13=0,"",MIN(1,T13/MAX(1,ROUND(G13*Paramètres!$E19/5,0))))) -> 0.35294118 | AU13: =IF(H13="","",IF(H13=0,"",MIN(1,U13/MAX(1,ROUND(H13*Paramètres!$E19/5,0))))) -> 0.40909091 | AV13: =IF(I13="","",IF(I13=0,"",MIN(1,V13/MAX(1,ROUND(I13*Paramètres!$E19/5,0))))) -> 0.34782609 | AW13: =IF(J13="","",IF(J13=0,"",MIN(1,W13/MAX(1,ROUND(J13*Paramètres!$E19/5,0))))) -> 0.125 | ... BA13: =IF(N13="","",IF(N13=0,"",MIN(1,AA13/MAX(1,ROUND(N13*Paramètres!$E19/5,0))))) | BC13: =IF(N(INDEX($C13:$N13,$C$48))>0,1,0) -> 1 | BD13: =IF(BC13=1,INDEX($AC13:$AN13,$C$48),"") -> 0.13636364 | BE13: =IF(BC13=1,N(BD13)+ROW()/1000000,"") -> 0.13637664 | BF13: =IF(BC13=1,COUNTIF($BE$5:$BE$34,">"&BE13)+1,"") -> 10
A14: =IF(Paramètres!A20="","",Paramètres!A20) -> Mohamed Sniha | C14: =IF(OR(Paramètres!$A20="",C$3=0),"",COUNTIFS(Calendrier!$A$2:$A$367,">="&MAX(Paramètres!$C20,C$4),Calendrier!$A$2:$A$367,"<="&IF(Paramètres!$D20="",EOMONTH(C$4,0),MIN(Paramètres!$D20,EOMONTH(C$4,0))),Calendrier!$C$2:$C$367,1)) -> 21 | D14: =IF(OR(Paramètres!$A20="",D$3=0),"",COUNTIFS(Calendrier!$A$2:$A$367,">="&MAX(Paramètres!$C20,D$4),Calendrier!$A$2:$A$367,"<="&IF(Paramètres!$D20="",EOMONTH(D$4,0),MIN(Paramètres!$D20,EOMONTH(D$4,0))),Calendrier!$C$2:$C$367,1)) -> 20 | E14: =IF(OR(Paramètres!$A20="",E$3=0),"",COUNTIFS(Calendrier!$A$2:$A$367,">="&MAX(Paramètres!$C20,E$4),Calendrier!$A$2:$A$367,"<="&IF(Paramètres!$D20="",EOMONTH(E$4,0),MIN(Paramètres!$D20,EOMONTH(E$4,0))),Calendrier!$C$2:$C$367,1)) -> 21 | F14: =IF(OR(Paramètres!$A20="",F$3=0),"",COUNTIFS(Calendrier!$A$2:$A$367,">="&MAX(Paramètres!$C20,F$4),Calendrier!$A$2:$A$367,"<="&IF(Paramètres!$D20="",EOMONTH(F$4,0),MIN(Paramètres!$D20,EOMONTH(F$4,0))),Calendrier!$C$2:$C$367,1)) -> 22 | G14: =IF(OR(Paramètres!$A20="",G$3=0),"",COUNTIFS(Calendrier!$A$2:$A$367,">="&MAX(Paramètres!$C20,G$4),Calendrier!$A$2:$A$367,"<="&IF(Paramètres!$D20="",EOMONTH(G$4,0),MIN(Paramètres!$D20,EOMONTH(G$4,0))),Calendrier!$C$2:$C$367,1)) -> 17 | H14: =IF(OR(Paramètres!$A20="",H$3=0),"",COUNTIFS(Calendrier!$A$2:$A$367,">="&MAX(Paramètres!$C20,H$4),Calendrier!$A$2:$A$367,"<="&IF(Paramètres!$D20="",EOMONTH(H$4,0),MIN(Paramètres!$D20,EOMONTH(H$4,0))),Calendrier!$C$2:$C$367,1)) -> 22 | I14: =IF(OR(Paramètres!$A20="",I$3=0),"",COUNTIFS(Calendrier!$A$2:$A$367,">="&MAX(Paramètres!$C20,I$4),Calendrier!$A$2:$A$367,"<="&IF(Paramètres!$D20="",EOMONTH(I$4,0),MIN(Paramètres!$D20,EOMONTH(I$4,0))),Calendrier!$C$2:$C$367,1)) -> 23 | J14: =IF(OR(Paramètres!$A20="",J$3=0),"",COUNTIFS(Calendrier!$A$2:$A$367,">="&MAX(Paramètres!$C20,J$4),Calendrier!$A$2:$A$367,"<="&IF(Paramètres!$D20="",EOMONTH(J$4,0),MIN(Paramètres!$D20,EOMONTH(J$4,0))),Calendrier!$C$2:$C$367,1)) -> 8 | ... N14: =IF(OR(Paramètres!$A20="",N$3=0),"",COUNTIFS(Calendrier!$A$2:$A$367,">="&MAX(Paramètres!$C20,N$4),Calendrier!$A$2:$A$367,"<="&IF(Paramètres!$D20="",EOMONTH(N$4,0),MIN(Paramètres!$D20,EOMONTH(N$4,0))),Calendrier!$C$2:$C$367,1)) | P14: =IF(OR(Paramètres!$A20="",C$3=0),"",COUNTIFS(Journal!$D$2:$D$3001,Paramètres!$A20,Journal!$H$2:$H$3001,">="&MAX(Paramètres!$C20,C$4),Journal!$H$2:$H$3001,"<="&IF(Paramètres!$D20="",EOMONTH(C$4,0),MIN(Paramètres!$D20,EOMONTH(C$4,0))),Journal!$K$2:$K$3001,1)) -> 4 | Q14: =IF(OR(Paramètres!$A20="",D$3=0),"",COUNTIFS(Journal!$D$2:$D$3001,Paramètres!$A20,Journal!$H$2:$H$3001,">="&MAX(Paramètres!$C20,D$4),Journal!$H$2:$H$3001,"<="&IF(Paramètres!$D20="",EOMONTH(D$4,0),MIN(Paramètres!$D20,EOMONTH(D$4,0))),Journal!$K$2:$K$3001,1)) -> 0 | R14: =IF(OR(Paramètres!$A20="",E$3=0),"",COUNTIFS(Journal!$D$2:$D$3001,Paramètres!$A20,Journal!$H$2:$H$3001,">="&MAX(Paramètres!$C20,E$4),Journal!$H$2:$H$3001,"<="&IF(Paramètres!$D20="",EOMONTH(E$4,0),MIN(Paramètres!$D20,EOMONTH(E$4,0))),Journal!$K$2:$K$3001,1)) -> 1 | S14: =IF(OR(Paramètres!$A20="",F$3=0),"",COUNTIFS(Journal!$D$2:$D$3001,Paramètres!$A20,Journal!$H$2:$H$3001,">="&MAX(Paramètres!$C20,F$4),Journal!$H$2:$H$3001,"<="&IF(Paramètres!$D20="",EOMONTH(F$4,0),MIN(Paramètres!$D20,EOMONTH(F$4,0))),Journal!$K$2:$K$3001,1)) -> 0 | T14: =IF(OR(Paramètres!$A20="",G$3=0),"",COUNTIFS(Journal!$D$2:$D$3001,Paramètres!$A20,Journal!$H$2:$H$3001,">="&MAX(Paramètres!$C20,G$4),Journal!$H$2:$H$3001,"<="&IF(Paramètres!$D20="",EOMONTH(G$4,0),MIN(Paramètres!$D20,EOMONTH(G$4,0))),Journal!$K$2:$K$3001,1)) -> 1 | U14: =IF(OR(Paramètres!$A20="",H$3=0),"",COUNTIFS(Journal!$D$2:$D$3001,Paramètres!$A20,Journal!$H$2:$H$3001,">="&MAX(Paramètres!$C20,H$4),Journal!$H$2:$H$3001,"<="&IF(Paramètres!$D20="",EOMONTH(H$4,0),MIN(Paramètres!$D20,EOMONTH(H$4,0))),Journal!$K$2:$K$3001,1)) -> 1 | V14: =IF(OR(Paramètres!$A20="",I$3=0),"",COUNTIFS(Journal!$D$2:$D$3001,Paramètres!$A20,Journal!$H$2:$H$3001,">="&MAX(Paramètres!$C20,I$4),Journal!$H$2:$H$3001,"<="&IF(Paramètres!$D20="",EOMONTH(I$4,0),MIN(Paramètres!$D20,EOMONTH(I$4,0))),Journal!$K$2:$K$3001,1)) -> 2 | W14: =IF(OR(Paramètres!$A20="",J$3=0),"",COUNTIFS(Journal!$D$2:$D$3001,Paramètres!$A20,Journal!$H$2:$H$3001,">="&MAX(Paramètres!$C20,J$4),Journal!$H$2:$H$3001,"<="&IF(Paramètres!$D20="",EOMONTH(J$4,0),MIN(Paramètres!$D20,EOMONTH(J$4,0))),Journal!$K$2:$K$3001,1)) -> 1 | ... AA14: =IF(OR(Paramètres!$A20="",N$3=0),"",COUNTIFS(Journal!$D$2:$D$3001,Paramètres!$A20,Journal!$H$2:$H$3001,">="&MAX(Paramètres!$C20,N$4),Journal!$H$2:$H$3001,"<="&IF(Paramètres!$D20="",EOMONTH(N$4,0),MIN(Paramètres!$D20,EOMONTH(N$4,0))),Journal!$K$2:$K$3001,1)) | AC14: =IF(C14="","",IF(C14=0,"",P14/C14)) -> 0.19047619 | AD14: =IF(D14="","",IF(D14=0,"",Q14/D14)) -> 0 | AE14: =IF(E14="","",IF(E14=0,"",R14/E14)) -> 0.047619048 | AF14: =IF(F14="","",IF(F14=0,"",S14/F14)) -> 0 | AG14: =IF(G14="","",IF(G14=0,"",T14/G14)) -> 0.058823529 | AH14: =IF(H14="","",IF(H14=0,"",U14/H14)) -> 0.045454545 | AI14: =IF(I14="","",IF(I14=0,"",V14/I14)) -> 0.086956522 | AJ14: =IF(J14="","",IF(J14=0,"",W14/J14)) -> 0.125 | ... AN14: =IF(N14="","",IF(N14=0,"",AA14/N14)) | AP14: =IF(C14="","",IF(C14=0,"",MIN(1,P14/MAX(1,ROUND(C14*Paramètres!$E20/5,0))))) -> 0.19047619 | AQ14: =IF(D14="","",IF(D14=0,"",MIN(1,Q14/MAX(1,ROUND(D14*Paramètres!$E20/5,0))))) -> 0 | AR14: =IF(E14="","",IF(E14=0,"",MIN(1,R14/MAX(1,ROUND(E14*Paramètres!$E20/5,0))))) -> 0.047619048 | AS14: =IF(F14="","",IF(F14=0,"",MIN(1,S14/MAX(1,ROUND(F14*Paramètres!$E20/5,0))))) -> 0 | AT14: =IF(G14="","",IF(G14=0,"",MIN(1,T14/MAX(1,ROUND(G14*Paramètres!$E20/5,0))))) -> 0.058823529 | AU14: =IF(H14="","",IF(H14=0,"",MIN(1,U14/MAX(1,ROUND(H14*Paramètres!$E20/5,0))))) -> 0.045454545 | AV14: =IF(I14="","",IF(I14=0,"",MIN(1,V14/MAX(1,ROUND(I14*Paramètres!$E20/5,0))))) -> 0.086956522 | AW14: =IF(J14="","",IF(J14=0,"",MIN(1,W14/MAX(1,ROUND(J14*Paramètres!$E20/5,0))))) -> 0.125 | ... BA14: =IF(N14="","",IF(N14=0,"",MIN(1,AA14/MAX(1,ROUND(N14*Paramètres!$E20/5,0))))) | BC14: =IF(N(INDEX($C14:$N14,$C$48))>0,1,0) -> 1 | BD14: =IF(BC14=1,INDEX($AC14:$AN14,$C$48),"") -> 0.045454545 | BE14: =IF(BC14=1,N(BD14)+ROW()/1000000,"") -> 0.045468545 | BF14: =IF(BC14=1,COUNTIF($BE$5:$BE$34,">"&BE14)+1,"") -> 12
A15: =IF(Paramètres!A21="","",Paramètres!A21) -> Mourad Ayari | C15: =IF(OR(Paramètres!$A21="",C$3=0),"",COUNTIFS(Calendrier!$A$2:$A$367,">="&MAX(Paramètres!$C21,C$4),Calendrier!$A$2:$A$367,"<="&IF(Paramètres!$D21="",EOMONTH(C$4,0),MIN(Paramètres!$D21,EOMONTH(C$4,0))),Calendrier!$C$2:$C$367,1)) -> 21 | D15: =IF(OR(Paramètres!$A21="",D$3=0),"",COUNTIFS(Calendrier!$A$2:$A$367,">="&MAX(Paramètres!$C21,D$4),Calendrier!$A$2:$A$367,"<="&IF(Paramètres!$D21="",EOMONTH(D$4,0),MIN(Paramètres!$D21,EOMONTH(D$4,0))),Calendrier!$C$2:$C$367,1)) -> 20 | E15: =IF(OR(Paramètres!$A21="",E$3=0),"",COUNTIFS(Calendrier!$A$2:$A$367,">="&MAX(Paramètres!$C21,E$4),Calendrier!$A$2:$A$367,"<="&IF(Paramètres!$D21="",EOMONTH(E$4,0),MIN(Paramètres!$D21,EOMONTH(E$4,0))),Calendrier!$C$2:$C$367,1)) -> 21 | F15: =IF(OR(Paramètres!$A21="",F$3=0),"",COUNTIFS(Calendrier!$A$2:$A$367,">="&MAX(Paramètres!$C21,F$4),Calendrier!$A$2:$A$367,"<="&IF(Paramètres!$D21="",EOMONTH(F$4,0),MIN(Paramètres!$D21,EOMONTH(F$4,0))),Calendrier!$C$2:$C$367,1)) -> 22 | G15: =IF(OR(Paramètres!$A21="",G$3=0),"",COUNTIFS(Calendrier!$A$2:$A$367,">="&MAX(Paramètres!$C21,G$4),Calendrier!$A$2:$A$367,"<="&IF(Paramètres!$D21="",EOMONTH(G$4,0),MIN(Paramètres!$D21,EOMONTH(G$4,0))),Calendrier!$C$2:$C$367,1)) -> 17 | H15: =IF(OR(Paramètres!$A21="",H$3=0),"",COUNTIFS(Calendrier!$A$2:$A$367,">="&MAX(Paramètres!$C21,H$4),Calendrier!$A$2:$A$367,"<="&IF(Paramètres!$D21="",EOMONTH(H$4,0),MIN(Paramètres!$D21,EOMONTH(H$4,0))),Calendrier!$C$2:$C$367,1)) -> 22 | I15: =IF(OR(Paramètres!$A21="",I$3=0),"",COUNTIFS(Calendrier!$A$2:$A$367,">="&MAX(Paramètres!$C21,I$4),Calendrier!$A$2:$A$367,"<="&IF(Paramètres!$D21="",EOMONTH(I$4,0),MIN(Paramètres!$D21,EOMONTH(I$4,0))),Calendrier!$C$2:$C$367,1)) -> 23 | J15: =IF(OR(Paramètres!$A21="",J$3=0),"",COUNTIFS(Calendrier!$A$2:$A$367,">="&MAX(Paramètres!$C21,J$4),Calendrier!$A$2:$A$367,"<="&IF(Paramètres!$D21="",EOMONTH(J$4,0),MIN(Paramètres!$D21,EOMONTH(J$4,0))),Calendrier!$C$2:$C$367,1)) -> 8 | ... N15: =IF(OR(Paramètres!$A21="",N$3=0),"",COUNTIFS(Calendrier!$A$2:$A$367,">="&MAX(Paramètres!$C21,N$4),Calendrier!$A$2:$A$367,"<="&IF(Paramètres!$D21="",EOMONTH(N$4,0),MIN(Paramètres!$D21,EOMONTH(N$4,0))),Calendrier!$C$2:$C$367,1)) | P15: =IF(OR(Paramètres!$A21="",C$3=0),"",COUNTIFS(Journal!$D$2:$D$3001,Paramètres!$A21,Journal!$H$2:$H$3001,">="&MAX(Paramètres!$C21,C$4),Journal!$H$2:$H$3001,"<="&IF(Paramètres!$D21="",EOMONTH(C$4,0),MIN(Paramètres!$D21,EOMONTH(C$4,0))),Journal!$K$2:$K$3001,1)) -> 3 | Q15: =IF(OR(Paramètres!$A21="",D$3=0),"",COUNTIFS(Journal!$D$2:$D$3001,Paramètres!$A21,Journal!$H$2:$H$3001,">="&MAX(Paramètres!$C21,D$4),Journal!$H$2:$H$3001,"<="&IF(Paramètres!$D21="",EOMONTH(D$4,0),MIN(Paramètres!$D21,EOMONTH(D$4,0))),Journal!$K$2:$K$3001,1)) -> 6 | R15: =IF(OR(Paramètres!$A21="",E$3=0),"",COUNTIFS(Journal!$D$2:$D$3001,Paramètres!$A21,Journal!$H$2:$H$3001,">="&MAX(Paramètres!$C21,E$4),Journal!$H$2:$H$3001,"<="&IF(Paramètres!$D21="",EOMONTH(E$4,0),MIN(Paramètres!$D21,EOMONTH(E$4,0))),Journal!$K$2:$K$3001,1)) -> 5 | S15: =IF(OR(Paramètres!$A21="",F$3=0),"",COUNTIFS(Journal!$D$2:$D$3001,Paramètres!$A21,Journal!$H$2:$H$3001,">="&MAX(Paramètres!$C21,F$4),Journal!$H$2:$H$3001,"<="&IF(Paramètres!$D21="",EOMONTH(F$4,0),MIN(Paramètres!$D21,EOMONTH(F$4,0))),Journal!$K$2:$K$3001,1)) -> 7 | T15: =IF(OR(Paramètres!$A21="",G$3=0),"",COUNTIFS(Journal!$D$2:$D$3001,Paramètres!$A21,Journal!$H$2:$H$3001,">="&MAX(Paramètres!$C21,G$4),Journal!$H$2:$H$3001,"<="&IF(Paramètres!$D21="",EOMONTH(G$4,0),MIN(Paramètres!$D21,EOMONTH(G$4,0))),Journal!$K$2:$K$3001,1)) -> 8 | U15: =IF(OR(Paramètres!$A21="",H$3=0),"",COUNTIFS(Journal!$D$2:$D$3001,Paramètres!$A21,Journal!$H$2:$H$3001,">="&MAX(Paramètres!$C21,H$4),Journal!$H$2:$H$3001,"<="&IF(Paramètres!$D21="",EOMONTH(H$4,0),MIN(Paramètres!$D21,EOMONTH(H$4,0))),Journal!$K$2:$K$3001,1)) -> 7 | V15: =IF(OR(Paramètres!$A21="",I$3=0),"",COUNTIFS(Journal!$D$2:$D$3001,Paramètres!$A21,Journal!$H$2:$H$3001,">="&MAX(Paramètres!$C21,I$4),Journal!$H$2:$H$3001,"<="&IF(Paramètres!$D21="",EOMONTH(I$4,0),MIN(Paramètres!$D21,EOMONTH(I$4,0))),Journal!$K$2:$K$3001,1)) -> 10 | W15: =IF(OR(Paramètres!$A21="",J$3=0),"",COUNTIFS(Journal!$D$2:$D$3001,Paramètres!$A21,Journal!$H$2:$H$3001,">="&MAX(Paramètres!$C21,J$4),Journal!$H$2:$H$3001,"<="&IF(Paramètres!$D21="",EOMONTH(J$4,0),MIN(Paramètres!$D21,EOMONTH(J$4,0))),Journal!$K$2:$K$3001,1)) -> 1 | ... AA15: =IF(OR(Paramètres!$A21="",N$3=0),"",COUNTIFS(Journal!$D$2:$D$3001,Paramètres!$A21,Journal!$H$2:$H$3001,">="&MAX(Paramètres!$C21,N$4),Journal!$H$2:$H$3001,"<="&IF(Paramètres!$D21="",EOMONTH(N$4,0),MIN(Paramètres!$D21,EOMONTH(N$4,0))),Journal!$K$2:$K$3001,1)) | AC15: =IF(C15="","",IF(C15=0,"",P15/C15)) -> 0.14285714 | AD15: =IF(D15="","",IF(D15=0,"",Q15/D15)) -> 0.3 | AE15: =IF(E15="","",IF(E15=0,"",R15/E15)) -> 0.23809524 | AF15: =IF(F15="","",IF(F15=0,"",S15/F15)) -> 0.31818182 | AG15: =IF(G15="","",IF(G15=0,"",T15/G15)) -> 0.47058824 | AH15: =IF(H15="","",IF(H15=0,"",U15/H15)) -> 0.31818182 | AI15: =IF(I15="","",IF(I15=0,"",V15/I15)) -> 0.43478261 | AJ15: =IF(J15="","",IF(J15=0,"",W15/J15)) -> 0.125 | ... AN15: =IF(N15="","",IF(N15=0,"",AA15/N15)) | AP15: =IF(C15="","",IF(C15=0,"",MIN(1,P15/MAX(1,ROUND(C15*Paramètres!$E21/5,0))))) -> 0.14285714 | AQ15: =IF(D15="","",IF(D15=0,"",MIN(1,Q15/MAX(1,ROUND(D15*Paramètres!$E21/5,0))))) -> 0.3 | AR15: =IF(E15="","",IF(E15=0,"",MIN(1,R15/MAX(1,ROUND(E15*Paramètres!$E21/5,0))))) -> 0.23809524 | AS15: =IF(F15="","",IF(F15=0,"",MIN(1,S15/MAX(1,ROUND(F15*Paramètres!$E21/5,0))))) -> 0.31818182 | AT15: =IF(G15="","",IF(G15=0,"",MIN(1,T15/MAX(1,ROUND(G15*Paramètres!$E21/5,0))))) -> 0.47058824 | AU15: =IF(H15="","",IF(H15=0,"",MIN(1,U15/MAX(1,ROUND(H15*Paramètres!$E21/5,0))))) -> 0.31818182 | AV15: =IF(I15="","",IF(I15=0,"",MIN(1,V15/MAX(1,ROUND(I15*Paramètres!$E21/5,0))))) -> 0.43478261 | AW15: =IF(J15="","",IF(J15=0,"",MIN(1,W15/MAX(1,ROUND(J15*Paramètres!$E21/5,0))))) -> 0.125 | ... BA15: =IF(N15="","",IF(N15=0,"",MIN(1,AA15/MAX(1,ROUND(N15*Paramètres!$E21/5,0))))) | BC15: =IF(N(INDEX($C15:$N15,$C$48))>0,1,0) -> 1 | BD15: =IF(BC15=1,INDEX($AC15:$AN15,$C$48),"") -> 0.27272727 | BE15: =IF(BC15=1,N(BD15)+ROW()/1000000,"") -> 0.27274227 | BF15: =IF(BC15=1,COUNTIF($BE$5:$BE$34,">"&BE15)+1,"") -> 5
A16: =IF(Paramètres!A22="","",Paramètres!A22) -> Nesrine Laassili | C16: =IF(OR(Paramètres!$A22="",C$3=0),"",COUNTIFS(Calendrier!$A$2:$A$367,">="&MAX(Paramètres!$C22,C$4),Calendrier!$A$2:$A$367,"<="&IF(Paramètres!$D22="",EOMONTH(C$4,0),MIN(Paramètres!$D22,EOMONTH(C$4,0))),Calendrier!$C$2:$C$367,1)) -> 21 | D16: =IF(OR(Paramètres!$A22="",D$3=0),"",COUNTIFS(Calendrier!$A$2:$A$367,">="&MAX(Paramètres!$C22,D$4),Calendrier!$A$2:$A$367,"<="&IF(Paramètres!$D22="",EOMONTH(D$4,0),MIN(Paramètres!$D22,EOMONTH(D$4,0))),Calendrier!$C$2:$C$367,1)) -> 20 | E16: =IF(OR(Paramètres!$A22="",E$3=0),"",COUNTIFS(Calendrier!$A$2:$A$367,">="&MAX(Paramètres!$C22,E$4),Calendrier!$A$2:$A$367,"<="&IF(Paramètres!$D22="",EOMONTH(E$4,0),MIN(Paramètres!$D22,EOMONTH(E$4,0))),Calendrier!$C$2:$C$367,1)) -> 21 | F16: =IF(OR(Paramètres!$A22="",F$3=0),"",COUNTIFS(Calendrier!$A$2:$A$367,">="&MAX(Paramètres!$C22,F$4),Calendrier!$A$2:$A$367,"<="&IF(Paramètres!$D22="",EOMONTH(F$4,0),MIN(Paramètres!$D22,EOMONTH(F$4,0))),Calendrier!$C$2:$C$367,1)) -> 0 | G16: =IF(OR(Paramètres!$A22="",G$3=0),"",COUNTIFS(Calendrier!$A$2:$A$367,">="&MAX(Paramètres!$C22,G$4),Calendrier!$A$2:$A$367,"<="&IF(Paramètres!$D22="",EOMONTH(G$4,0),MIN(Paramètres!$D22,EOMONTH(G$4,0))),Calendrier!$C$2:$C$367,1)) -> 0 | H16: =IF(OR(Paramètres!$A22="",H$3=0),"",COUNTIFS(Calendrier!$A$2:$A$367,">="&MAX(Paramètres!$C22,H$4),Calendrier!$A$2:$A$367,"<="&IF(Paramètres!$D22="",EOMONTH(H$4,0),MIN(Paramètres!$D22,EOMONTH(H$4,0))),Calendrier!$C$2:$C$367,1)) -> 0 | I16: =IF(OR(Paramètres!$A22="",I$3=0),"",COUNTIFS(Calendrier!$A$2:$A$367,">="&MAX(Paramètres!$C22,I$4),Calendrier!$A$2:$A$367,"<="&IF(Paramètres!$D22="",EOMONTH(I$4,0),MIN(Paramètres!$D22,EOMONTH(I$4,0))),Calendrier!$C$2:$C$367,1)) -> 0 | J16: =IF(OR(Paramètres!$A22="",J$3=0),"",COUNTIFS(Calendrier!$A$2:$A$367,">="&MAX(Paramètres!$C22,J$4),Calendrier!$A$2:$A$367,"<="&IF(Paramètres!$D22="",EOMONTH(J$4,0),MIN(Paramètres!$D22,EOMONTH(J$4,0))),Calendrier!$C$2:$C$367,1)) -> 0 | ... N16: =IF(OR(Paramètres!$A22="",N$3=0),"",COUNTIFS(Calendrier!$A$2:$A$367,">="&MAX(Paramètres!$C22,N$4),Calendrier!$A$2:$A$367,"<="&IF(Paramètres!$D22="",EOMONTH(N$4,0),MIN(Paramètres!$D22,EOMONTH(N$4,0))),Calendrier!$C$2:$C$367,1)) | P16: =IF(OR(Paramètres!$A22="",C$3=0),"",COUNTIFS(Journal!$D$2:$D$3001,Paramètres!$A22,Journal!$H$2:$H$3001,">="&MAX(Paramètres!$C22,C$4),Journal!$H$2:$H$3001,"<="&IF(Paramètres!$D22="",EOMONTH(C$4,0),MIN(Paramètres!$D22,EOMONTH(C$4,0))),Journal!$K$2:$K$3001,1)) -> 1 | Q16: =IF(OR(Paramètres!$A22="",D$3=0),"",COUNTIFS(Journal!$D$2:$D$3001,Paramètres!$A22,Journal!$H$2:$H$3001,">="&MAX(Paramètres!$C22,D$4),Journal!$H$2:$H$3001,"<="&IF(Paramètres!$D22="",EOMONTH(D$4,0),MIN(Paramètres!$D22,EOMONTH(D$4,0))),Journal!$K$2:$K$3001,1)) -> 2 | R16: =IF(OR(Paramètres!$A22="",E$3=0),"",COUNTIFS(Journal!$D$2:$D$3001,Paramètres!$A22,Journal!$H$2:$H$3001,">="&MAX(Paramètres!$C22,E$4),Journal!$H$2:$H$3001,"<="&IF(Paramètres!$D22="",EOMONTH(E$4,0),MIN(Paramètres!$D22,EOMONTH(E$4,0))),Journal!$K$2:$K$3001,1)) -> 4 | S16: =IF(OR(Paramètres!$A22="",F$3=0),"",COUNTIFS(Journal!$D$2:$D$3001,Paramètres!$A22,Journal!$H$2:$H$3001,">="&MAX(Paramètres!$C22,F$4),Journal!$H$2:$H$3001,"<="&IF(Paramètres!$D22="",EOMONTH(F$4,0),MIN(Paramètres!$D22,EOMONTH(F$4,0))),Journal!$K$2:$K$3001,1)) -> 0 | T16: =IF(OR(Paramètres!$A22="",G$3=0),"",COUNTIFS(Journal!$D$2:$D$3001,Paramètres!$A22,Journal!$H$2:$H$3001,">="&MAX(Paramètres!$C22,G$4),Journal!$H$2:$H$3001,"<="&IF(Paramètres!$D22="",EOMONTH(G$4,0),MIN(Paramètres!$D22,EOMONTH(G$4,0))),Journal!$K$2:$K$3001,1)) -> 0 | U16: =IF(OR(Paramètres!$A22="",H$3=0),"",COUNTIFS(Journal!$D$2:$D$3001,Paramètres!$A22,Journal!$H$2:$H$3001,">="&MAX(Paramètres!$C22,H$4),Journal!$H$2:$H$3001,"<="&IF(Paramètres!$D22="",EOMONTH(H$4,0),MIN(Paramètres!$D22,EOMONTH(H$4,0))),Journal!$K$2:$K$3001,1)) -> 0 | V16: =IF(OR(Paramètres!$A22="",I$3=0),"",COUNTIFS(Journal!$D$2:$D$3001,Paramètres!$A22,Journal!$H$2:$H$3001,">="&MAX(Paramètres!$C22,I$4),Journal!$H$2:$H$3001,"<="&IF(Paramètres!$D22="",EOMONTH(I$4,0),MIN(Paramètres!$D22,EOMONTH(I$4,0))),Journal!$K$2:$K$3001,1)) -> 0 | W16: =IF(OR(Paramètres!$A22="",J$3=0),"",COUNTIFS(Journal!$D$2:$D$3001,Paramètres!$A22,Journal!$H$2:$H$3001,">="&MAX(Paramètres!$C22,J$4),Journal!$H$2:$H$3001,"<="&IF(Paramètres!$D22="",EOMONTH(J$4,0),MIN(Paramètres!$D22,EOMONTH(J$4,0))),Journal!$K$2:$K$3001,1)) -> 0 | ... AA16: =IF(OR(Paramètres!$A22="",N$3=0),"",COUNTIFS(Journal!$D$2:$D$3001,Paramètres!$A22,Journal!$H$2:$H$3001,">="&MAX(Paramètres!$C22,N$4),Journal!$H$2:$H$3001,"<="&IF(Paramètres!$D22="",EOMONTH(N$4,0),MIN(Paramètres!$D22,EOMONTH(N$4,0))),Journal!$K$2:$K$3001,1)) | AC16: =IF(C16="","",IF(C16=0,"",P16/C16)) -> 0.047619048 | AD16: =IF(D16="","",IF(D16=0,"",Q16/D16)) -> 0.1 | AE16: =IF(E16="","",IF(E16=0,"",R16/E16)) -> 0.19047619 | AF16: =IF(F16="","",IF(F16=0,"",S16/F16)) | AG16: =IF(G16="","",IF(G16=0,"",T16/G16)) | AH16: =IF(H16="","",IF(H16=0,"",U16/H16)) | AI16: =IF(I16="","",IF(I16=0,"",V16/I16)) | AJ16: =IF(J16="","",IF(J16=0,"",W16/J16)) | ... AN16: =IF(N16="","",IF(N16=0,"",AA16/N16)) | AP16: =IF(C16="","",IF(C16=0,"",MIN(1,P16/MAX(1,ROUND(C16*Paramètres!$E22/5,0))))) -> 0.047619048 | AQ16: =IF(D16="","",IF(D16=0,"",MIN(1,Q16/MAX(1,ROUND(D16*Paramètres!$E22/5,0))))) -> 0.1 | AR16: =IF(E16="","",IF(E16=0,"",MIN(1,R16/MAX(1,ROUND(E16*Paramètres!$E22/5,0))))) -> 0.19047619 | AS16: =IF(F16="","",IF(F16=0,"",MIN(1,S16/MAX(1,ROUND(F16*Paramètres!$E22/5,0))))) | AT16: =IF(G16="","",IF(G16=0,"",MIN(1,T16/MAX(1,ROUND(G16*Paramètres!$E22/5,0))))) | AU16: =IF(H16="","",IF(H16=0,"",MIN(1,U16/MAX(1,ROUND(H16*Paramètres!$E22/5,0))))) | AV16: =IF(I16="","",IF(I16=0,"",MIN(1,V16/MAX(1,ROUND(I16*Paramètres!$E22/5,0))))) | AW16: =IF(J16="","",IF(J16=0,"",MIN(1,W16/MAX(1,ROUND(J16*Paramètres!$E22/5,0))))) | ... BA16: =IF(N16="","",IF(N16=0,"",MIN(1,AA16/MAX(1,ROUND(N16*Paramètres!$E22/5,0))))) | BC16: =IF(N(INDEX($C16:$N16,$C$48))>0,1,0) -> 0 | BD16: =IF(BC16=1,INDEX($AC16:$AN16,$C$48),"") | BE16: =IF(BC16=1,N(BD16)+ROW()/1000000,"") | BF16: =IF(BC16=1,COUNTIF($BE$5:$BE$34,">"&BE16)+1,"")
... A34: =IF(Paramètres!A40="","",Paramètres!A40) | C34: =IF(OR(Paramètres!$A40="",C$3=0),"",COUNTIFS(Calendrier!$A$2:$A$367,">="&MAX(Paramètres!$C40,C$4),Calendrier!$A$2:$A$367,"<="&IF(Paramètres!$D40="",EOMONTH(C$4,0),MIN(Paramètres!$D40,EOMONTH(C$4,0))),Calendrier!$C$2:$C$367,1)) | D34: =IF(OR(Paramètres!$A40="",D$3=0),"",COUNTIFS(Calendrier!$A$2:$A$367,">="&MAX(Paramètres!$C40,D$4),Calendrier!$A$2:$A$367,"<="&IF(Paramètres!$D40="",EOMONTH(D$4,0),MIN(Paramètres!$D40,EOMONTH(D$4,0))),Calendrier!$C$2:$C$367,1)) | E34: =IF(OR(Paramètres!$A40="",E$3=0),"",COUNTIFS(Calendrier!$A$2:$A$367,">="&MAX(Paramètres!$C40,E$4),Calendrier!$A$2:$A$367,"<="&IF(Paramètres!$D40="",EOMONTH(E$4,0),MIN(Paramètres!$D40,EOMONTH(E$4,0))),Calendrier!$C$2:$C$367,1)) | F34: =IF(OR(Paramètres!$A40="",F$3=0),"",COUNTIFS(Calendrier!$A$2:$A$367,">="&MAX(Paramètres!$C40,F$4),Calendrier!$A$2:$A$367,"<="&IF(Paramètres!$D40="",EOMONTH(F$4,0),MIN(Paramètres!$D40,EOMONTH(F$4,0))),Calendrier!$C$2:$C$367,1)) | G34: =IF(OR(Paramètres!$A40="",G$3=0),"",COUNTIFS(Calendrier!$A$2:$A$367,">="&MAX(Paramètres!$C40,G$4),Calendrier!$A$2:$A$367,"<="&IF(Paramètres!$D40="",EOMONTH(G$4,0),MIN(Paramètres!$D40,EOMONTH(G$4,0))),Calendrier!$C$2:$C$367,1)) | H34: =IF(OR(Paramètres!$A40="",H$3=0),"",COUNTIFS(Calendrier!$A$2:$A$367,">="&MAX(Paramètres!$C40,H$4),Calendrier!$A$2:$A$367,"<="&IF(Paramètres!$D40="",EOMONTH(H$4,0),MIN(Paramètres!$D40,EOMONTH(H$4,0))),Calendrier!$C$2:$C$367,1)) | I34: =IF(OR(Paramètres!$A40="",I$3=0),"",COUNTIFS(Calendrier!$A$2:$A$367,">="&MAX(Paramètres!$C40,I$4),Calendrier!$A$2:$A$367,"<="&IF(Paramètres!$D40="",EOMONTH(I$4,0),MIN(Paramètres!$D40,EOMONTH(I$4,0))),Calendrier!$C$2:$C$367,1)) | J34: =IF(OR(Paramètres!$A40="",J$3=0),"",COUNTIFS(Calendrier!$A$2:$A$367,">="&MAX(Paramètres!$C40,J$4),Calendrier!$A$2:$A$367,"<="&IF(Paramètres!$D40="",EOMONTH(J$4,0),MIN(Paramètres!$D40,EOMONTH(J$4,0))),Calendrier!$C$2:$C$367,1)) | ... N34: =IF(OR(Paramètres!$A40="",N$3=0),"",COUNTIFS(Calendrier!$A$2:$A$367,">="&MAX(Paramètres!$C40,N$4),Calendrier!$A$2:$A$367,"<="&IF(Paramètres!$D40="",EOMONTH(N$4,0),MIN(Paramètres!$D40,EOMONTH(N$4,0))),Calendrier!$C$2:$C$367,1)) | P34: =IF(OR(Paramètres!$A40="",C$3=0),"",COUNTIFS(Journal!$D$2:$D$3001,Paramètres!$A40,Journal!$H$2:$H$3001,">="&MAX(Paramètres!$C40,C$4),Journal!$H$2:$H$3001,"<="&IF(Paramètres!$D40="",EOMONTH(C$4,0),MIN(Paramètres!$D40,EOMONTH(C$4,0))),Journal!$K$2:$K$3001,1)) | Q34: =IF(OR(Paramètres!$A40="",D$3=0),"",COUNTIFS(Journal!$D$2:$D$3001,Paramètres!$A40,Journal!$H$2:$H$3001,">="&MAX(Paramètres!$C40,D$4),Journal!$H$2:$H$3001,"<="&IF(Paramètres!$D40="",EOMONTH(D$4,0),MIN(Paramètres!$D40,EOMONTH(D$4,0))),Journal!$K$2:$K$3001,1)) | R34: =IF(OR(Paramètres!$A40="",E$3=0),"",COUNTIFS(Journal!$D$2:$D$3001,Paramètres!$A40,Journal!$H$2:$H$3001,">="&MAX(Paramètres!$C40,E$4),Journal!$H$2:$H$3001,"<="&IF(Paramètres!$D40="",EOMONTH(E$4,0),MIN(Paramètres!$D40,EOMONTH(E$4,0))),Journal!$K$2:$K$3001,1)) | S34: =IF(OR(Paramètres!$A40="",F$3=0),"",COUNTIFS(Journal!$D$2:$D$3001,Paramètres!$A40,Journal!$H$2:$H$3001,">="&MAX(Paramètres!$C40,F$4),Journal!$H$2:$H$3001,"<="&IF(Paramètres!$D40="",EOMONTH(F$4,0),MIN(Paramètres!$D40,EOMONTH(F$4,0))),Journal!$K$2:$K$3001,1)) | T34: =IF(OR(Paramètres!$A40="",G$3=0),"",COUNTIFS(Journal!$D$2:$D$3001,Paramètres!$A40,Journal!$H$2:$H$3001,">="&MAX(Paramètres!$C40,G$4),Journal!$H$2:$H$3001,"<="&IF(Paramètres!$D40="",EOMONTH(G$4,0),MIN(Paramètres!$D40,EOMONTH(G$4,0))),Journal!$K$2:$K$3001,1)) | U34: =IF(OR(Paramètres!$A40="",H$3=0),"",COUNTIFS(Journal!$D$2:$D$3001,Paramètres!$A40,Journal!$H$2:$H$3001,">="&MAX(Paramètres!$C40,H$4),Journal!$H$2:$H$3001,"<="&IF(Paramètres!$D40="",EOMONTH(H$4,0),MIN(Paramètres!$D40,EOMONTH(H$4,0))),Journal!$K$2:$K$3001,1)) | V34: =IF(OR(Paramètres!$A40="",I$3=0),"",COUNTIFS(Journal!$D$2:$D$3001,Paramètres!$A40,Journal!$H$2:$H$3001,">="&MAX(Paramètres!$C40,I$4),Journal!$H$2:$H$3001,"<="&IF(Paramètres!$D40="",EOMONTH(I$4,0),MIN(Paramètres!$D40,EOMONTH(I$4,0))),Journal!$K$2:$K$3001,1)) | W34: =IF(OR(Paramètres!$A40="",J$3=0),"",COUNTIFS(Journal!$D$2:$D$3001,Paramètres!$A40,Journal!$H$2:$H$3001,">="&MAX(Paramètres!$C40,J$4),Journal!$H$2:$H$3001,"<="&IF(Paramètres!$D40="",EOMONTH(J$4,0),MIN(Paramètres!$D40,EOMONTH(J$4,0))),Journal!$K$2:$K$3001,1)) | ... AA34: =IF(OR(Paramètres!$A40="",N$3=0),"",COUNTIFS(Journal!$D$2:$D$3001,Paramètres!$A40,Journal!$H$2:$H$3001,">="&MAX(Paramètres!$C40,N$4),Journal!$H$2:$H$3001,"<="&IF(Paramètres!$D40="",EOMONTH(N$4,0),MIN(Paramètres!$D40,EOMONTH(N$4,0))),Journal!$K$2:$K$3001,1)) | AC34: =IF(C34="","",IF(C34=0,"",P34/C34)) | AD34: =IF(D34="","",IF(D34=0,"",Q34/D34)) | AE34: =IF(E34="","",IF(E34=0,"",R34/E34)) | AF34: =IF(F34="","",IF(F34=0,"",S34/F34)) | AG34: =IF(G34="","",IF(G34=0,"",T34/G34)) | AH34: =IF(H34="","",IF(H34=0,"",U34/H34)) | AI34: =IF(I34="","",IF(I34=0,"",V34/I34)) | AJ34: =IF(J34="","",IF(J34=0,"",W34/J34)) | ... AN34: =IF(N34="","",IF(N34=0,"",AA34/N34)) | AP34: =IF(C34="","",IF(C34=0,"",MIN(1,P34/MAX(1,ROUND(C34*Paramètres!$E40/5,0))))) | AQ34: =IF(D34="","",IF(D34=0,"",MIN(1,Q34/MAX(1,ROUND(D34*Paramètres!$E40/5,0))))) | AR34: =IF(E34="","",IF(E34=0,"",MIN(1,R34/MAX(1,ROUND(E34*Paramètres!$E40/5,0))))) | AS34: =IF(F34="","",IF(F34=0,"",MIN(1,S34/MAX(1,ROUND(F34*Paramètres!$E40/5,0))))) | AT34: =IF(G34="","",IF(G34=0,"",MIN(1,T34/MAX(1,ROUND(G34*Paramètres!$E40/5,0))))) | AU34: =IF(H34="","",IF(H34=0,"",MIN(1,U34/MAX(1,ROUND(H34*Paramètres!$E40/5,0))))) | AV34: =IF(I34="","",IF(I34=0,"",MIN(1,V34/MAX(1,ROUND(I34*Paramètres!$E40/5,0))))) | AW34: =IF(J34="","",IF(J34=0,"",MIN(1,W34/MAX(1,ROUND(J34*Paramètres!$E40/5,0))))) | ... BA34: =IF(N34="","",IF(N34=0,"",MIN(1,AA34/MAX(1,ROUND(N34*Paramètres!$E40/5,0))))) | BC34: =IF(N(INDEX($C34:$N34,$C$48))>0,1,0) -> 0 | BD34: =IF(BC34=1,INDEX($AC34:$AN34,$C$48),"") | BE34: =IF(BC34=1,N(BD34)+ROW()/1000000,"") | BF34: =IF(BC34=1,COUNTIF($BE$5:$BE$34,">"&BE34)+1,"")
A35: TOTAL / GLOBAL | C35: =SUM(C5:C34) -> 315 | D35: =SUM(D5:D34) -> 300 | E35: =SUM(E5:E34) -> 315 | F35: =SUM(F5:F34) -> 308 | G35: =SUM(G5:G34) -> 221 | H35: =SUM(H5:H34) -> 286 | I35: =SUM(I5:I34) -> 345 | J35: =SUM(J5:J34) -> 120 | ... N35: =SUM(N5:N34) -> 0 | P35: =SUM(P5:P34) -> 95 | Q35: =SUM(Q5:Q34) -> 92 | R35: =SUM(R5:R34) -> 88 | S35: =SUM(S5:S34) -> 83 | T35: =SUM(T5:T34) -> 62 | U35: =SUM(U5:U34) -> 83 | V35: =SUM(V5:V34) -> 84 | W35: =SUM(W5:W34) -> 26 | ... AA35: =SUM(AA5:AA34) -> 0 | AC35: =IF(C$3=0,"",IF(C35=0,"",P35/C35)) -> 0.3015873 | AD35: =IF(D$3=0,"",IF(D35=0,"",Q35/D35)) -> 0.30666667 | AE35: =IF(E$3=0,"",IF(E35=0,"",R35/E35)) -> 0.27936508 | AF35: =IF(F$3=0,"",IF(F35=0,"",S35/F35)) -> 0.26948052 | AG35: =IF(G$3=0,"",IF(G35=0,"",T35/G35)) -> 0.28054299 | AH35: =IF(H$3=0,"",IF(H35=0,"",U35/H35)) -> 0.29020979 | AI35: =IF(I$3=0,"",IF(I35=0,"",V35/I35)) -> 0.24347826 | AJ35: =IF(J$3=0,"",IF(J35=0,"",W35/J35)) -> 0.21666667 | ... AN35: =IF(N$3=0,"",IF(N35=0,"",AA35/N35)) | AP35: =IF(COUNT(AP5:AP34)=0,"",AVERAGE(AP5:AP34)) -> 0.3015873 | AQ35: =IF(COUNT(AQ5:AQ34)=0,"",AVERAGE(AQ5:AQ34)) -> 0.30666667 | AR35: =IF(COUNT(AR5:AR34)=0,"",AVERAGE(AR5:AR34)) -> 0.27936508 | AS35: =IF(COUNT(AS5:AS34)=0,"",AVERAGE(AS5:AS34)) -> 0.26948052 | AT35: =IF(COUNT(AT5:AT34)=0,"",AVERAGE(AT5:AT34)) -> 0.28054299 | AU35: =IF(COUNT(AU5:AU34)=0,"",AVERAGE(AU5:AU34)) -> 0.29020979 | AV35: =IF(COUNT(AV5:AV34)=0,"",AVERAGE(AV5:AV34)) -> 0.24347826 | AW35: =IF(COUNT(AW5:AW34)=0,"",AVERAGE(AW5:AW34)) -> 0.21666667 | ... BA35: =IF(COUNT(BA5:BA34)=0,"",AVERAGE(BA5:BA34))
A36: Responsables actifs | C36: =COUNTIF(C5:C34,">0") -> 15 | D36: =COUNTIF(D5:D34,">0") -> 15 | E36: =COUNTIF(E5:E34,">0") -> 15 | F36: =COUNTIF(F5:F34,">0") -> 14 | G36: =COUNTIF(G5:G34,">0") -> 13 | H36: =COUNTIF(H5:H34,">0") -> 13 | I36: =COUNTIF(I5:I34,">0") -> 15 | J36: =COUNTIF(J5:J34,">0") -> 15 | ... N36: =COUNTIF(N5:N34,">0") -> 0
A37: dont sans aucun accès | C37: =COUNTIFS(C5:C34,">0",P5:P34,0) -> 1 | D37: =COUNTIFS(D5:D34,">0",Q5:Q34,0) -> 1 | E37: =COUNTIFS(E5:E34,">0",R5:R34,0) -> 0 | F37: =COUNTIFS(F5:F34,">0",S5:S34,0) -> 2 | G37: =COUNTIFS(G5:G34,">0",T5:T34,0) -> 0 | H37: =COUNTIFS(H5:H34,">0",U5:U34,0) -> 0 | I37: =COUNTIFS(I5:I34,">0",V5:V34,0) -> 1 | J37: =COUNTIFS(J5:J34,">0",W5:W34,0) -> 2 | ... N37: =COUNTIFS(N5:N34,">0",AA5:AA34,0) -> 0
A38: Modèles (≥ objectif) | C38: =COUNTIF(AC5:AC34,">="&Paramètres!$B$5) -> 2 | D38: =COUNTIF(AD5:AD34,">="&Paramètres!$B$5) -> 0 | E38: =COUNTIF(AE5:AE34,">="&Paramètres!$B$5) -> 0 | F38: =COUNTIF(AF5:AF34,">="&Paramètres!$B$5) -> 0 | G38: =COUNTIF(AG5:AG34,">="&Paramètres!$B$5) -> 0 | H38: =COUNTIF(AH5:AH34,">="&Paramètres!$B$5) -> 0 | I38: =COUNTIF(AI5:AI34,">="&Paramètres!$B$5) -> 0 | J38: =COUNTIF(AJ5:AJ34,">="&Paramètres!$B$5) -> 0 | ... N38: =COUNTIF(AN5:AN34,">="&Paramètres!$B$5) -> 0
A39: Réguliers (alerte) | C39: =COUNTIFS(AC5:AC34,">="&Paramètres!$B$6,AC5:AC34,"<"&Paramètres!$B$5) -> 2 | D39: =COUNTIFS(AD5:AD34,">="&Paramètres!$B$6,AD5:AD34,"<"&Paramètres!$B$5) -> 5 | E39: =COUNTIFS(AE5:AE34,">="&Paramètres!$B$6,AE5:AE34,"<"&Paramètres!$B$5) -> 6 | F39: =COUNTIFS(AF5:AF34,">="&Paramètres!$B$6,AF5:AF34,"<"&Paramètres!$B$5) -> 4 | G39: =COUNTIFS(AG5:AG34,">="&Paramètres!$B$6,AG5:AG34,"<"&Paramètres!$B$5) -> 4 | H39: =COUNTIFS(AH5:AH34,">="&Paramètres!$B$6,AH5:AH34,"<"&Paramètres!$B$5) -> 3 | I39: =COUNTIFS(AI5:AI34,">="&Paramètres!$B$6,AI5:AI34,"<"&Paramètres!$B$5) -> 3 | J39: =COUNTIFS(AJ5:AJ34,">="&Paramètres!$B$6,AJ5:AJ34,"<"&Paramètres!$B$5) -> 2 | ... N39: =COUNTIFS(AN5:AN34,">="&Paramètres!$B$6,AN5:AN34,"<"&Paramètres!$B$5) -> 0
A40: Critiques | C40: =COUNTIF(AC5:AC34,"<"&Paramètres!$B$6) -> 11 | D40: =COUNTIF(AD5:AD34,"<"&Paramètres!$B$6) -> 10 | E40: =COUNTIF(AE5:AE34,"<"&Paramètres!$B$6) -> 9 | F40: =COUNTIF(AF5:AF34,"<"&Paramètres!$B$6) -> 10 | G40: =COUNTIF(AG5:AG34,"<"&Paramètres!$B$6) -> 9 | H40: =COUNTIF(AH5:AH34,"<"&Paramètres!$B$6) -> 10 | I40: =COUNTIF(AI5:AI34,"<"&Paramètres!$B$6) -> 12 | J40: =COUNTIF(AJ5:AJ34,"<"&Paramètres!$B$6) -> 13 | ... N40: =COUNTIF(AN5:AN34,"<"&Paramètres!$B$6) -> 0
A42: Libellé du mois | C42: =CHOOSE(MONTH(C$4),"Janvier","Février","Mars","Avril","Mai","Juin","Juillet","Août","Septembre","Octobre","Novembre","Décembre")&" "&YEAR(C$4) -> Janvier 2026 | D42: =CHOOSE(MONTH(D$4),"Janvier","Février","Mars","Avril","Mai","Juin","Juillet","Août","Septembre","Octobre","Novembre","Décembre")&" "&YEAR(D$4) -> Février 2026 | E42: =CHOOSE(MONTH(E$4),"Janvier","Février","Mars","Avril","Mai","Juin","Juillet","Août","Septembre","Octobre","Novembre","Décembre")&" "&YEAR(E$4) -> Mars 2026 | F42: =CHOOSE(MONTH(F$4),"Janvier","Février","Mars","Avril","Mai","Juin","Juillet","Août","Septembre","Octobre","Novembre","Décembre")&" "&YEAR(F$4) -> Avril 2026 | G42: =CHOOSE(MONTH(G$4),"Janvier","Février","Mars","Avril","Mai","Juin","Juillet","Août","Septembre","Octobre","Novembre","Décembre")&" "&YEAR(G$4) -> Mai 2026 | H42: =CHOOSE(MONTH(H$4),"Janvier","Février","Mars","Avril","Mai","Juin","Juillet","Août","Septembre","Octobre","Novembre","Décembre")&" "&YEAR(H$4) -> Juin 2026 | I42: =CHOOSE(MONTH(I$4),"Janvier","Février","Mars","Avril","Mai","Juin","Juillet","Août","Septembre","Octobre","Novembre","Décembre")&" "&YEAR(I$4) -> Juillet 2026 | J42: =CHOOSE(MONTH(J$4),"Janvier","Février","Mars","Avril","Mai","Juin","Juillet","Août","Septembre","Octobre","Novembre","Décembre")&" "&YEAR(J$4) -> Août 2026 | ... N42: =CHOOSE(MONTH(N$4),"Janvier","Février","Mars","Avril","Mai","Juin","Juillet","Août","Septembre","Octobre","Novembre","Décembre")&" "&YEAR(N$4) -> Décembre 2026
A43: Jours ouvrés du mois | C43: =COUNTIFS(Calendrier!$B$2:$B$367,C$4,Calendrier!$C$2:$C$367,1) -> 21 | D43: =COUNTIFS(Calendrier!$B$2:$B$367,D$4,Calendrier!$C$2:$C$367,1) -> 20 | E43: =COUNTIFS(Calendrier!$B$2:$B$367,E$4,Calendrier!$C$2:$C$367,1) -> 21 | F43: =COUNTIFS(Calendrier!$B$2:$B$367,F$4,Calendrier!$C$2:$C$367,1) -> 22 | G43: =COUNTIFS(Calendrier!$B$2:$B$367,G$4,Calendrier!$C$2:$C$367,1) -> 17 | H43: =COUNTIFS(Calendrier!$B$2:$B$367,H$4,Calendrier!$C$2:$C$367,1) -> 22 | I43: =COUNTIFS(Calendrier!$B$2:$B$367,I$4,Calendrier!$C$2:$C$367,1) -> 23 | J43: =COUNTIFS(Calendrier!$B$2:$B$367,J$4,Calendrier!$C$2:$C$367,1) -> 8 | ... N43: =COUNTIFS(Calendrier!$B$2:$B$367,N$4,Calendrier!$C$2:$C$367,1) -> 23
A44: Accès exclus (jour non ouvré) | C44: =COUNTIFS(Journal!$H$2:$H$3001,">="&C$4,Journal!$H$2:$H$3001,"<="&EOMONTH(C$4,0),Journal!$I$2:$I$3001,1,Journal!$J$2:$J$3001,0) -> 10 | D44: =COUNTIFS(Journal!$H$2:$H$3001,">="&D$4,Journal!$H$2:$H$3001,"<="&EOMONTH(D$4,0),Journal!$I$2:$I$3001,1,Journal!$J$2:$J$3001,0) -> 8 | E44: =COUNTIFS(Journal!$H$2:$H$3001,">="&E$4,Journal!$H$2:$H$3001,"<="&EOMONTH(E$4,0),Journal!$I$2:$I$3001,1,Journal!$J$2:$J$3001,0) -> 8 | F44: =COUNTIFS(Journal!$H$2:$H$3001,">="&F$4,Journal!$H$2:$H$3001,"<="&EOMONTH(F$4,0),Journal!$I$2:$I$3001,1,Journal!$J$2:$J$3001,0) -> 6 | G44: =COUNTIFS(Journal!$H$2:$H$3001,">="&G$4,Journal!$H$2:$H$3001,"<="&EOMONTH(G$4,0),Journal!$I$2:$I$3001,1,Journal!$J$2:$J$3001,0) -> 7 | H44: =COUNTIFS(Journal!$H$2:$H$3001,">="&H$4,Journal!$H$2:$H$3001,"<="&EOMONTH(H$4,0),Journal!$I$2:$I$3001,1,Journal!$J$2:$J$3001,0) -> 4 | I44: =COUNTIFS(Journal!$H$2:$H$3001,">="&I$4,Journal!$H$2:$H$3001,"<="&EOMONTH(I$4,0),Journal!$I$2:$I$3001,1,Journal!$J$2:$J$3001,0) -> 7 | J44: =COUNTIFS(Journal!$H$2:$H$3001,">="&J$4,Journal!$H$2:$H$3001,"<="&EOMONTH(J$4,0),Journal!$I$2:$I$3001,1,Journal!$J$2:$J$3001,0) -> 6 | ... N44: =COUNTIFS(Journal!$H$2:$H$3001,">="&N$4,Journal!$H$2:$H$3001,"<="&EOMONTH(N$4,0),Journal!$I$2:$I$3001,1,Journal!$J$2:$J$3001,0) -> 0
A45: Ligne objectif | C45: =Paramètres!$B$5 -> 0.7 | D45: =Paramètres!$B$5 -> 0.7 | E45: =Paramètres!$B$5 -> 0.7 | F45: =Paramètres!$B$5 -> 0.7 | G45: =Paramètres!$B$5 -> 0.7 | H45: =Paramètres!$B$5 -> 0.7 | I45: =Paramètres!$B$5 -> 0.7 | J45: =Paramètres!$B$5 -> 0.7 | ... N45: =Paramètres!$B$5 -> 0.7
A46: Ligne seuil d'alerte | C46: =Paramètres!$B$6 -> 0.4 | D46: =Paramètres!$B$6 -> 0.4 | E46: =Paramètres!$B$6 -> 0.4 | F46: =Paramètres!$B$6 -> 0.4 | G46: =Paramètres!$B$6 -> 0.4 | H46: =Paramètres!$B$6 -> 0.4 | I46: =Paramètres!$B$6 -> 0.4 | J46: =Paramètres!$B$6 -> 0.4 | ... N46: =Paramètres!$B$6 -> 0.4
A48: Mois sélectionné (n°) | C48: =IFERROR(MATCH(État!$C$4,$C$42:$N$42,0),1) -> 9

Sheet Calendrier
A1: Date | B1: Début du mois | C1: Jour ouvré (1/0) | E1: Généré automatiquement : lundi→vendredi hors jours non ouvrés listés dans Paramètres.
A2: =DATE(Paramètres!$B$8,1,1) -> 46023 | B2: =DATE(YEAR(A2),MONTH(A2),1) -> 46023 | C2: =IF(AND(WEEKDAY(A2,2)<6,COUNTIF(Paramètres!$H$11:$H$70,A2)=0),1,0) -> 0
A3: =A2+1 -> 46024 | B3: =DATE(YEAR(A3),MONTH(A3),1) -> 46023 | C3: =IF(AND(WEEKDAY(A3,2)<6,COUNTIF(Paramètres!$H$11:$H$70,A3)=0),1,0) -> 1
A4: =A3+1 -> 46025 | B4: =DATE(YEAR(A4),MONTH(A4),1) -> 46023 | C4: =IF(AND(WEEKDAY(A4,2)<6,COUNTIF(Paramètres!$H$11:$H$70,A4)=0),1,0) -> 0
A5: =A4+1 -> 46026 | B5: =DATE(YEAR(A5),MONTH(A5),1) -> 46023 | C5: =IF(AND(WEEKDAY(A5,2)<6,COUNTIF(Paramètres!$H$11:$H$70,A5)=0),1,0) -> 0
A6: =A5+1 -> 46027 | B6: =DATE(YEAR(A6),MONTH(A6),1) -> 46023 | C6: =IF(AND(WEEKDAY(A6,2)<6,COUNTIF(Paramètres!$H$11:$H$70,A6)=0),1,0) -> 1
A7: =A6+1 -> 46028 | B7: =DATE(YEAR(A7),MONTH(A7),1) -> 46023 | C7: =IF(AND(WEEKDAY(A7,2)<6,COUNTIF(Paramètres!$H$11:$H$70,A7)=0),1,0) -> 1
A8: =A7+1 -> 46029 | B8: =DATE(YEAR(A8),MONTH(A8),1) -> 46023 | C8: =IF(AND(WEEKDAY(A8,2)<6,COUNTIF(Paramètres!$H$11:$H$70,A8)=0),1,0) -> 1
A9: =A8+1 -> 46030 | B9: =DATE(YEAR(A9),MONTH(A9),1) -> 46023 | C9: =IF(AND(WEEKDAY(A9,2)<6,COUNTIF(Paramètres!$H$11:$H$70,A9)=0),1,0) -> 1
A10: =A9+1 -> 46031 | B10: =DATE(YEAR(A10),MONTH(A10),1) -> 46023 | C10: =IF(AND(WEEKDAY(A10,2)<6,COUNTIF(Paramètres!$H$11:$H$70,A10)=0),1,0) -> 1
A11: =A10+1 -> 46032 | B11: =DATE(YEAR(A11),MONTH(A11),1) -> 46023 | C11: =IF(AND(WEEKDAY(A11,2)<6,COUNTIF(Paramètres!$H$11:$H$70,A11)=0),1,0) -> 0
A12: =A11+1 -> 46033 | B12: =DATE(YEAR(A12),MONTH(A12),1) -> 46023 | C12: =IF(AND(WEEKDAY(A12,2)<6,COUNTIF(Paramètres!$H$11:$H$70,A12)=0),1,0) -> 0
A13: =A12+1 -> 46034 | B13: =DATE(YEAR(A13),MONTH(A13),1) -> 46023 | C13: =IF(AND(WEEKDAY(A13,2)<6,COUNTIF(Paramètres!$H$11:$H$70,A13)=0),1,0) -> 1
A14: =A13+1 -> 46035 | B14: =DATE(YEAR(A14),MONTH(A14),1) -> 46023 | C14: =IF(AND(WEEKDAY(A14,2)<6,COUNTIF(Paramètres!$H$11:$H$70,A14)=0),1,0) -> 1
... A367: =A366+1 -> 46388 | B367: =DATE(YEAR(A367),MONTH(A367),1) -> 46388 | C367: =IF(AND(WEEKDAY(A367,2)<6,COUNTIF(Paramètres!$H$11:$H$70,A367)=0),1,0) -> 1

Sheet Méthode
B1: MÉTHODE DE CALCUL ET LECTURE DE LA CIBLE
B2: 1. Définition de l'indicateur
B3: Taux d'un responsable = nombre de jours ouvrés où il s'est connecté au moins une fois ÷ nombre de jours ouvrés où il devait utiliser Qualipro (entre sa date de début et sa date de fin). On compte des JOURS, jamais des connexions.
B4: Taux global du mois = total des jours consultés ÷ total des jours attendus de tous les responsables de l'effectif du mois (pas la moyenne des pourcentages).
B5: 2. Règles appliquées
B6: • Doublons : plusieurs accès le même jour par la même personne = 1 seul jour (colonne « 1er accès du jour »).
B7: • Jours ouvrés : lundi→vendredi hors jours listés dans Paramètres. Les accès faits un week-end ou un jour non ouvré ne sont pas comptés (ils ne gonflent plus le taux).
B8: • Effectif : seuls les responsables présents sur le mois comptent, au prorata de leurs dates de début/fin. Un responsable présent qui ne se connecte jamais reste dans le calcul avec 0 %.
B9: • Statuts : Modèle ≥ 70 % · Régulier entre 40 % et 70 % · Critique < 40 % (seuils modifiables dans Paramètres).
B10: 3. Mise à jour mensuelle (5 minutes)
B11: a) Coller l'export brut du mois (nom + « date et heure ») à la suite, dans Journal colonnes B et C. b) Dans Paramètres : ajouter les nouveaux responsables, renseigner les dates de départ, ajouter les jours fériés/fermetures. c) Sur l'onglet État : choisir le mois. d) Vérifier que les 2 contrôles qualité « doit être 0 » sont à 0.
B12: 4. La cible « au moins 1 accès par jour pour chacun » : est-elle utile ?
... B20: • Les exports de plusieurs mois ne contiennent aucun accès le dernier jour ouvré du mois (ex. 30/04, 30/06, 30/09) : vérifier la plage de dates utilisée à l'export.
